word,level,locked,verdict,ear_notes,round,listen_context,voice,lang,speed,lead_ms,tail_ms,fade_ms,phoneme,period,onset_trim,trim_ms,bright_head_ms,head_trim_ms,skip_burst,carrier_text,carrier_cut_mode,energy_margin_ms,energy_floor_db,energy_gap_ms,asr_start_s,asr_end_s,asr_guard_lead_ms,asr_guard_tail_ms,byte_pin_sha256
am,1,yes,perfect,owner perfect am_8 [UP0]; family carrier_quoted,UPLIFT-EXPERIMENT-0 / 2026-08-06,clip,af_heart,en-us,0.82,80,300,10,,no,no,0,0,0,no,"The printed word is ""am"".",energy,80,-20,20,,,,,615f9e04f0384794df053db5d2b090737a3dac8c467fb01b193d225bbcf4a11f
an,1,yes,perfect,owner perfect an_7 [UT1]; family carrier_quoted,UPLIFT-TONE-1 / 2026-08-06,clip,af_heart,en-us,0.82,80,300,10,,no,no,0,0,0,no,"The printed word is ""an"".",energy,80,-20,20,,,,,7ca9412cc5f2e31d27c649b85dd2a7104da7d3cc6473f6cf6281328b0e2aef52
at,1,yes,perfect,owner perfect at_4 [US6]; family carrier_spell_CS00; spell control CS00 (rollup → carrier_spell),UPLIFT-SWEEP-6 / 2026-08-07,clip,af_heart,en-us,0.82,80,300,10,,no,no,0,0,0,no,Spell it: A T. at.,energy,80,-20,20,,,,,c181d7db486b5c44a72444740cd25a7f10a16f93c135ce4785cb89b880bede4c
ax,1,yes,perfect,owner perfect ax_5 [UH1]; family prior_ax2_extract_loose; prior UT1 ax_2 extract_loose recreate (loose energy 160/-32/40),UPLIFT-HARD-1 / 2026-08-06,clip,af_heart,en-us,0.82,80,300,10,,no,no,0,0,0,no,Spell it: A X. ax.,energy,160,-32,40,,,,,1dfa308dd31df42575d76ff737a2de9a64ba9f6141bec10bf4dc6d9c1070654b
if,1,yes,perfect,owner perfect if_1 [UH2]; family cut_energy_head_trim; energy + head_trim (hop-defect safe; never ASR+head_trim),UPLIFT-HARD-2 / 2026-08-06,clip,af_heart,en-us,1.0,80,300,10,,no,no,0,0,25,no,"The printed word is ""if"".",energy,80,-20,20,,,,,cdcad40f55af074f896bc976b0c16ad4e799f96cb2ff92e98a44754fd4b3f99c
in,1,yes,perfect,owner perfect in_2 [US6]; family carrier_listen_em; Listen—{word}. energy cut,UPLIFT-SWEEP-6 / 2026-08-07,clip,af_heart,en-us,0.82,80,300,10,,no,no,0,0,0,no,Listen—in.,energy,80,-20,20,,,,,302c1c957203e9b53f0172f20c81a0cb4b470c35d5a965d37447123a018515dd
is,1,yes,perfect,owner perfect is_4 [US6]; family carrier_listen_em; Listen—{word}. energy cut,UPLIFT-SWEEP-6 / 2026-08-07,clip,af_heart,en-us,0.82,80,300,10,,no,no,0,0,0,no,Listen—is.,energy,80,-20,20,,,,,c88854e3de57ce91f51d91aeee77fc8f560e1afb6dae66f78c06529705118468
it,1,yes,perfect,owner perfect it_2 [US6]; family carrier_spell_CS00; spell control CS00 (rollup → carrier_spell),UPLIFT-SWEEP-6 / 2026-08-07,clip,af_heart,en-us,0.82,80,300,10,,no,no,0,0,0,no,Spell it: I T. it.,energy,80,-20,20,,,,,c2998d36edff636f32bd221f017d5025c3ccc25b38be22129c9ab2c1e39cdf66
on,1,yes,perfect,owner perfect on_2 [UT1]; family carrier_spell_CS00; spell control CS00 (rollup → carrier_spell),UPLIFT-TONE-1 / 2026-08-06,clip,af_heart,en-us,0.82,80,300,10,,no,no,0,0,0,no,Spell it: O N. on.,energy,80,-20,20,,,,,8e977001df7db9b8906d56b6c11ad0cac6f7883b8504aeaf181979123d7b1b8c
ox,1,yes,perfect,owner perfect ox_6 [UH4]; family peer_carve_fox; peer carve fox coda; assembly in sidecar; byte_pin authoritative; assembly/peer carve; sidecar recipe authoritative + byte_pin,UPLIFT-HARD-4 / 2026-08-07,clip,af_heart,en-us,0.82,80,300,10,,no,no,0,0,0,no,,assembly,,,,,,,,143ef441a84eb9c8b1f6267735775e29fed0ede0fc358cd17d23ccaa2dd2c428
up,1,yes,perfect,owner perfect up_1 [UP3]; family carrier_listen_em; NEW family carrier_listen_em,UPLIFT-EXPERIMENT-3 / 2026-08-06,clip,af_heart,en-us,0.82,80,300,10,,no,no,0,0,0,no,Listen—up.,energy,80,-20,20,,,,,962904dd56bc792fefad3e028759fefff5990bbcdab52725a707972159cdb16d
us,1,yes,perfect,owner perfect us_2 [US6]; family carrier_double_say; double_say second island; cut=second_island; CSV mode energy + pin,UPLIFT-SWEEP-6 / 2026-08-07,clip,af_heart,en-us,0.82,80,300,10,,no,no,0,0,0,no,us. us.,energy,80,-20,20,,,,,0be218a1b0bd73ecb4da805bd19a08aa2e7198e3f37316213725938af3d256fb
bad,2,yes,perfect,,"pack-1 sweep, judged 2026-07-30",clip,af_heart,en-us,0.85,80,300,10,,no,no,0,0,0,no,,none,,,,,,,,50219ea36922042aed132ec7a51fa6c612256877e5edc92828a79b08efd1edc5
bag,2,yes,perfect,owner perfect bag_4 [US1]; family carrier_spell_CS00; spell control CS00 (rollup → carrier_spell),UPLIFT-SWEEP-1 / 2026-08-06,clip,af_heart,en-us,0.82,80,300,10,,no,no,0,0,0,no,Spell it: B A G. bag.,energy,80,-20,20,,,,,0f211be3d9c9c54c6c69ea98727c63dd422d48f25de43e75771d8915ef6da41b
bat,2,yes,perfect,owner perfect bat_6 [UP0]; family carrier_spell,UPLIFT-EXPERIMENT-0 / 2026-08-06,clip,af_heart,en-us,0.82,80,300,10,,no,no,0,0,0,no,Spell it: B A T. bat.,energy,80,-20,20,,,,,ea8f8bd9e57665d4ba1504e1464b72f4b46b3ed734e5f4f4503c6a883f2b897c
cab,2,yes,perfect,,"pack-1 sweep, judged 2026-07-30",clip,af_heart,en-us,0.85,80,300,10,,no,no,0,0,0,no,,none,,,,,,,,652c735177c25f3b0a1414720f69793a92d3f9a3f0892125ba4838a092c710f1
can,2,yes,perfect,"absolutely perfect (accept), no need to listen to others","keeper handoff, packs 1-3, accepted 2026-08-01",clip+app,af_heart,en-us,0.85,80,300,10,,no,no,0,0,0,no,"Here is the word, can.",energy,150,-20,20,,,,,862d93605a6eb86dcf1bd12bb749c8ef5695d29bb8b797bbcead85c30812cb55
cap,2,yes,perfect,owner perfect cap_3 [US1]; family spell_speed1; spell_speed1 (CS00 text @ speed 1.0),UPLIFT-SWEEP-1 / 2026-08-06,clip,af_heart,en-us,1.0,80,300,10,,no,no,0,0,0,no,Spell it: C A P. cap.,energy,80,-20,20,,,,,e735e3eebb54356900eed4b0ed9e62f5bb520a15a2f59d2c5cff1d6d1b71e8d5
cat,2,yes,perfect,owner perfect cat_3 [US6]; family carrier_quoted; quoted carrier,UPLIFT-SWEEP-6 / 2026-08-07,clip,af_heart,en-us,0.82,80,300,10,,no,no,0,0,0,no,"The printed word is ""cat"".",energy,80,-20,20,,,,,66b8182cbfbb9c733b805f308c06268982624ad48a58a5b6280e867edd9b318e
dab,2,yes,perfect,,"pack-1 sweep, judged 2026-07-30",clip,af_heart,en-us,0.85,80,300,10,,no,no,0,0,0,no,,none,,,,,,,,b3403d0a7826331014ab8da74a18947fb65c931f6fe009f17aa85504e1c91254
dad,2,yes,perfect,,"pack-1 sweep, judged 2026-07-30",clip,af_heart,en-us,0.85,80,300,10,,no,no,0,0,0,no,,none,,,,,,,,e0aa9833a9ef3d282afcf8f38d4bb3a9fa9c1cf5836d03928c0fa0debd14fe68
fan,2,yes,perfect,owner perfect fan_2 [UP1]; family carrier_phrase,UPLIFT-EXPERIMENT-1 / 2026-08-06,clip,af_heart,en-us,0.82,80,300,10,,no,no,0,0,0,no,"Listen, fan.",energy,80,-20,20,,,,,642c278f1881f8168261ef129824f867076fc100548219547de48237c82a1b3b
had,2,yes,perfect,owner perfect had_3 [UP1]; family carrier_spell; owner wrote hand_3 → had_3,UPLIFT-EXPERIMENT-1 / 2026-08-06,clip,af_heart,en-us,0.82,80,300,10,,no,no,0,0,0,no,Spell it: H A D. had.,energy,80,-20,20,,,,,6ca520842e1947bd559a53d6295db8dff376291215cbf8cea3acb679e9375f3c
ham,2,yes,perfect,owner perfect ham_3 [UP1]; family carrier_quoted,UPLIFT-EXPERIMENT-1 / 2026-08-06,clip,af_heart,en-us,0.82,80,300,10,,no,no,0,0,0,no,"The printed word is ""ham"".",energy,80,-20,20,,,,,98941dc38f201d05a65bb8b36f8f443bf8baa1f1d58b00269d4d028f28b3b43d
has,2,yes,perfect,owner perfect has_4 [UP1]; family carrier_spell,UPLIFT-EXPERIMENT-1 / 2026-08-06,clip,af_heart,en-us,0.82,80,300,10,,no,no,0,0,0,no,Spell it: H A S. has.,energy,80,-20,20,,,,,1a1f2ddc12ba8835e42b35422e28b56be25c0c70f8892f836da16d6fdb52106a
hat,2,yes,perfect,owner perfect hat_7 [UP1]; family carrier_spell,UPLIFT-EXPERIMENT-1 / 2026-08-06,clip,af_heart,en-us,0.82,80,300,10,,no,no,0,0,0,no,Spell it: H A T. hat.,energy,80,-20,20,,,,,45ed1242a8d4447fe82b9bfb2e06d0d6edd12c97b5e838936db7f3ac37daa82d
jam,2,yes,perfect,owner perfect jam_2 [UP1]; family carrier_quoted,UPLIFT-EXPERIMENT-1 / 2026-08-06,clip,af_heart,en-us,0.82,80,300,10,,no,no,0,0,0,no,"The printed word is ""jam"".",energy,80,-20,20,,,,,49ff191f0293ed1cb6350dad852cf611bb7b63eafd8eeb5872bcce8997552221
lap,2,yes,perfect,owner perfect lap_2 [US2]; family carrier_spell_CS00; spell control CS00 (rollup → carrier_spell),UPLIFT-SWEEP-2 / 2026-08-06,clip,af_heart,en-us,0.82,80,300,10,,no,no,0,0,0,no,Spell it: L A P. lap.,energy,80,-20,20,,,,,25dcd6413afaa2aa84afdeee4a61ecec8b18b6962e7a78fd97dcdcbb028d2300
mad,2,yes,perfect,owner perfect mad_3 [US2]; family carrier_spell_CS00; spell control CS00 (rollup → carrier_spell),UPLIFT-SWEEP-2 / 2026-08-06,clip,af_heart,en-us,0.82,80,300,10,,no,no,0,0,0,no,Spell it: M A D. mad.,energy,80,-20,20,,,,,429a9a16a0d48d2e689e84e57bd792dfbfe433971353dcf45a7fa80e18512102
man,2,yes,perfect,owner perfect man_9 [UP3]; family carrier_double_say; cut=second_island; CSV mode energy + pin; NEW family carrier_double_say,UPLIFT-EXPERIMENT-3 / 2026-08-06,clip,af_heart,en-us,0.82,80,300,10,,no,no,0,0,0,no,man. man.,energy,80,-20,20,,,,,5edc286d1039cad67d1d3f3b626c41b0aa9bced8879bdd4c301c52181028bdc1
map,2,yes,perfect,owner perfect map_10 [UP1]; family carrier_spell,UPLIFT-EXPERIMENT-1 / 2026-08-06,clip,af_heart,en-us,0.82,80,300,10,,no,no,0,0,0,no,Spell it: M A P. map.,energy,80,-20,20,,,,,bbc63586112637cb7261f14c6d6c4cdb1c1e8cb2d44fb98c5caaeb80ca138706
mat,2,yes,perfect,owner perfect mat_6 [US2]; family carrier_double_say; double_say second island; cut=second_island; CSV mode energy + pin,UPLIFT-SWEEP-2 / 2026-08-06,clip,af_heart,en-us,0.82,80,300,10,,no,no,0,0,0,no,mat. mat.,energy,80,-20,20,,,,,af4e59b148a5b7f18be59c2c79f4452829b5e9eae5b832fdbf3409c7ad0ff01f
nap,2,yes,perfect,,"pack-1 sweep, judged 2026-07-30",clip,af_heart,en-us,0.85,80,300,10,,no,no,0,0,0,no,,none,,,,,,,,6cff84572154f6e8a54aabb682fa6dcd6d6e7144eb3a8edc845b21518c2b1009
pad,2,yes,perfect,,"pack-1 sweep, judged 2026-07-30",clip,af_heart,en-us,0.85,80,300,10,,no,no,0,0,0,no,,none,,,,,,,,23b2faffbd41227362f53ec13544a72cd8ceb822719bcf9aac746464b1e36769
pal,2,yes,perfect,"absolutely perfect (accept), no need to listen to others","keeper handoff, packs 1-3, accepted 2026-08-01",clip,af_heart,en-us,0.85,80,300,10,,no,no,0,0,0,no,Here is the word pal.,energy,100,-20,20,,,,,0fc6c9b8894b8da653c0965a2bf989b014d4deaedb8bb3fdffe49a8385e8a0a7
pan,2,yes,perfect,,"pack-1 sweep, judged 2026-07-30",clip,af_heart,en-us,0.85,80,300,10,,no,no,0,0,0,no,,none,,,,,,,,4839b97a20ff95b175d2db7ce440eda532f93ee31f412118fe276547040c504b
rag,2,yes,perfect,,"pack-1 sweep, judged 2026-07-30",clip,af_heart,en-us,0.85,80,300,10,,no,no,0,0,0,no,,none,,,,,,,,90a3252530c32b7b5fdd668521ed974f637d48c0bbf6c55ef1b86259e2a61510
ram,2,yes,perfect,"accept, perfect, no need to listen to other rams [pack2 r5]","keeper handoff, packs 1-3, accepted 2026-08-01",clip,af_heart,en-us,0.82,80,300,10,,no,no,0,0,0,no,Say ram.,asr,,,,0.44,0.96,40,40,f202f4d8ab7519d818fe22a01554606852a9b64903f4ea39273a05019050b7a7
ran,2,yes,perfect,"accept, perfect pronunciation, no need to listen to other rans [pack2 r5]","keeper handoff, packs 1-3, accepted 2026-08-01",clip,af_heart,en-us,0.88,80,300,10,,no,no,0,0,0,no,,none,,,,,,,,77f4ef7ddddd9c35fdadcfd77b44a57cd0980857c52b2f236fdc7caa88f48b39
rap,2,yes,perfect,owner perfect rap_6 [UP1]; family carrier_spell,UPLIFT-EXPERIMENT-1 / 2026-08-06,clip,af_heart,en-us,0.82,80,300,10,,no,no,0,0,0,no,Spell it: R A P. rap.,energy,80,-20,20,,,,,73ff3e11aa6e9d4a22c33dc550a83f7210a8dd244610c605f65287127c8dfcf8
rat,2,yes,perfect,"perfect, accept [pack2 r2]","keeper handoff, packs 1-3, accepted 2026-08-01",clip,af_heart,en-us,0.82,120,300,10,,no,no,0,40,0,no,,none,,,,,,,,d3e60e0c9c05572631be1d65b182cd7c5f24c078edaf24e2575cdc9d221ea2f5
sad,2,yes,perfect,"perfect, accept this, no need to review other sads [pack2 r3]","keeper handoff, packs 1-3, accepted 2026-08-01",clip+app,af_heart,en-us,0.82,80,300,10,,no,no,0,0,0,no,Say sad.,asr,,,,0.44,0.92,80,40,3556e5d6f527747fe2932750c3e9ed23c1811fc09ea422ba3e7e513eae5c3ed2
sat,2,yes,perfect,"perfect, accept this, no need to review other sats [pack2 r3]","keeper handoff, packs 1-3, accepted 2026-08-01",clip,af_heart,en-us,0.82,80,300,10,,no,no,0,0,0,no,Say sat.,asr,,,,0.46,0.98,80,40,961d0e369cd1524fe25ef8c87ced0089d7e3e60e908b9ae94a343529f1cefb90
tag,2,yes,perfect,"accept, perfect pronunciation, no need to hear others [pack2 r5]","keeper handoff, packs 1-3, accepted 2026-08-01",clip,af_heart,en-us,0.82,80,300,10,,no,no,0,0,0,no,Say tag.,asr,,,,0.42,0.98,40,40,12606a18815b8e75384c5d73762255d025f8d1cf888206e82b4fe5d674f155c3
tan,2,yes,perfect,"accept, perfect, no need to listen to other tans [pack2 r5]","keeper handoff, packs 1-3, accepted 2026-08-01",clip,af_heart,en-us,0.82,80,300,10,,no,no,0,0,0,no,Say tan.,asr,,,,0.42,0.88,40,40,c87bdbf220a7b600b6cb66ffcc724fc40bfba5dddd1fcab8a3606dab82b0ab7e
tap,2,yes,perfect,perfect (accept) [pack2 r1],"keeper handoff, packs 1-3, accepted 2026-08-01",clip,af_heart,en-us,0.83,80,300,10,,no,no,0,0,0,no,Here is the word tap.,energy,100,-20,20,,,,,94550ebd36eaf770e179223b8db5c80f9306df19991186793923f174d3ee95ea
van,2,yes,perfect,"accept, perfect pronunciation, no need to listen to others [pack2 r7 uh-cut]","keeper handoff, packs 1-3, accepted 2026-08-01",clip,af_heart,en-us,0.82,80,300,10,,no,no,0,0,40,no,,none,,,,,,,,e1dbcd5298c71d0579879b57489d42b11b82196f539d5bc5772d615ad2b66c4f
wag,2,yes,perfect,perfect pronunciation [pack2 r6],"keeper handoff, packs 1-3, accepted 2026-08-01",clip,af_heart,en-us,0.82,80,300,10,,no,no,0,0,0,no,Say wag.,asr,,,,0.42,0.88,40,40,26ac6c014458926c5fbd3aca4cfc7e8caf4d13870aaf3b45671e0f09b3873478
yam,2,yes,perfect,owner perfect yam_7 [UP1]; family carrier_spell,UPLIFT-EXPERIMENT-1 / 2026-08-06,clip,af_heart,en-us,0.82,80,300,10,,no,no,0,0,0,no,Spell it: Y A M. yam.,energy,80,-20,20,,,,,e41a331f3e6adb20001b6946db0682dc373b089b711f44d0a565be158930bc7c
yap,2,yes,perfect,"perfect, accept, no need to listen to other yaps [pack2 r4]","keeper handoff, packs 1-3, accepted 2026-08-01",clip,af_heart,en-us,0.82,80,300,10,,no,no,0,0,0,no,Say yap.,asr,,,,0.48,1.02,40,40,dfe7ea8954bec9752b018e9e19e56b4d122b61cb06117a6fd31ce4954d2b6f90
zap,2,yes,perfect,"double perfect, best word pronunciation yet, no need to listen to other zaps [pack2 r4]","keeper handoff, packs 1-3, accepted 2026-08-01",clip,af_heart,en-us,0.82,80,300,10,,no,no,0,0,0,no,zap. zap.,energy,80,-30,40,,,,,9d988db7b0f77b522e25da292a724c9b5068ab0a44f4d7fb161fa39b5c16a4b2
bib,3,yes,perfect,"accept, perfect pronunciation, no need to hear other versions [pack3 r1]","keeper handoff, packs 1-3, accepted 2026-08-01",clip,af_heart,en-us,0.82,80,300,10,,no,no,0,0,0,no,Say bib.,asr,,,,0.46,0.92,40,40,61c7128e469ca6560237b5d4a05985d36d8648d485cc8f0e91d727b61ea59f11
big,3,yes,perfect,"accept, perfect pronunciation, no need to hear others [pack2 r5]","keeper handoff, packs 1-3, accepted 2026-08-01",clip,af_heart,en-us,0.82,80,300,10,,no,no,0,0,0,no,Say big.,asr,,,,0.46,0.96,40,40,c4bb89994d107b2d8739ef58cfb5217057ab8c817f95145a9da214c27b3635c9
bin,3,yes,perfect,owner perfect bin_2 [US1]; family carrier_listen_em; Listen—{word}. energy cut,UPLIFT-SWEEP-1 / 2026-08-06,clip,af_heart,en-us,0.82,80,300,10,,no,no,0,0,0,no,Listen—bin.,energy,80,-20,20,,,,,2060c815f54330259e8e2312bd573457890b135fcb2541559426292d7e937712
bit,3,yes,perfect,"accept, perfect pronunciation, no need to hear other versions [pack3 r1]","keeper handoff, packs 1-3, accepted 2026-08-01",clip,af_heart,en-us,0.82,180,300,10,,no,no,0,0,0,no,,none,,,,,,,,d65b63aacb1f65ea08d9029b641b3b6f44fb051e9e7174618e071bb27f7f8229
box,3,yes,perfect,"accept, perfect pronunciation, no need to hear other versions [pack3 r1]","keeper handoff, packs 1-3, accepted 2026-08-01",clip,af_heart,en-us,0.82,80,300,10,,no,no,0,0,0,no,Say box.,asr,,,,0.46,0.92,40,40,9f57ffa4717d40c2918102b18a19191dca7d3804238c0aca5301fbcfa6ce79c0
cot,3,yes,perfect,owner perfect cot_6 [US1]; family spell_speed1; spell_speed1 (CS00 text @ speed 1.0),UPLIFT-SWEEP-1 / 2026-08-06,clip,af_heart,en-us,1.0,80,300,10,,no,no,0,0,0,no,Spell it: C O T. cot.,energy,80,-20,20,,,,,3bb8ba323202cfcef29b326abc827f64ad16e822f9442140f666f67c91b952ee
did,3,yes,perfect,owner perfect did_4 [US1]; family spell_speed1; spell_speed1 (CS00 text @ speed 1.0),UPLIFT-SWEEP-1 / 2026-08-06,clip,af_heart,en-us,1.0,80,300,10,,no,no,0,0,0,no,Spell it: D I D. did.,energy,80,-20,20,,,,,fbd6b073956dad2935802fc25668dd4078538a3ace5f3349be3b748087122f52
dig,3,yes,perfect,"accept, perfect pronunciation, no need to hear others [pack2 r5]","keeper handoff, packs 1-3, accepted 2026-08-01",clip,af_heart,en-us,0.82,80,300,10,,no,no,0,0,0,no,Say dig.,asr,,,,0.46,0.96,40,40,2f8067c91de6a6427b1372e3bc7764c6d579be6ae71f5b0659ca42da095b1225
dip,3,yes,perfect,"accept, perfect pronunciation, ignore others [pack3 r2]","keeper handoff, packs 1-3, accepted 2026-08-01",clip,af_heart,en-us,0.82,80,300,10,,no,no,0,0,0,no,"Here is the word, dip.",energy,120,-20,20,,,,,00daeee9314d86f4b036ef837f2d30410248a2c33f22cd55af45e020767b06c4
dog,3,yes,perfect,"accept, perfect pronunciation, no need to hear others [pack2 r5]","keeper handoff, packs 1-3, accepted 2026-08-01",clip,af_heart,en-us,0.82,80,300,10,,no,no,0,0,0,no,Say dog.,asr,,,,0.46,1.0,40,40,266e4f0dcdd0df8bc4f9dc00cb1e930fdc0f8746b35eda069f8c4c236d3bc37a
fin,3,yes,perfect,owner perfect fin_2 [US2]; family carrier_spell_CS00; spell control CS00 (rollup → carrier_spell),UPLIFT-SWEEP-2 / 2026-08-06,clip,af_heart,en-us,0.82,80,300,10,,no,no,0,0,0,no,Spell it: F I N. fin.,energy,80,-20,20,,,,,eddf77e93d882a5bb6a95bb0cca2846b32badfa7e6cb2b9dcae99215255c5f68
fit,3,yes,perfect,"accept, perfect pronunciation, no need to hear other versions [pack3 r1]","keeper handoff, packs 1-3, accepted 2026-08-01",clip,af_heart,en-us,0.82,80,300,10,,no,no,0,0,0,no,Say fit.,asr,,,,0.48,0.92,40,40,5508ad5931c416c51b7c980fcf341b8f0d06d011feba0944e85b8f05bf611d54
fix,3,yes,perfect,owner perfect fix_6 [UH1]; family baseline; baseline control — recipe knobs unchanged except verdict+pin,UPLIFT-HARD-1 / 2026-08-06,clip,af_heart,en-us,0.82,80,300,10,,no,no,0,0,0,no,Say fix.,asr,,,,0.52,0.82,40,40,6ac0e5fefd7e148c61e6433e9a724b8079112a075cf3a39690514cefae0e0830
fox,3,yes,perfect,"accept, perfect pronunciation, no need to hear other versions [pack3 r1]","keeper handoff, packs 1-3, accepted 2026-08-01",clip,af_heart,en-us,0.82,80,300,10,,no,no,0,0,0,no,Say fox.,asr,,,,0.46,0.94,40,40,638215ad7e9f6b9eea0575edc5abadead8f45069478328b6dec3867122ba97ef
got,3,yes,perfect,"accept, perfect pronunciation, ignore others [pack3 r2]","keeper handoff, packs 1-3, accepted 2026-08-01",clip,af_heart,en-us,0.82,80,300,10,,no,no,0,0,0,no,got. got.,energy,80,-30,40,,,,,f4107b7b1588b7e679d7904f5553e9603cd97cab60f84f33cdd5cdd282bdb145
him,3,yes,perfect,"accept, perfect pronunciation, no need to hear other versions [pack3 r1]","keeper handoff, packs 1-3, accepted 2026-08-01",clip,af_heart,en-us,0.82,80,300,10,,no,no,0,0,0,no,Say him.,asr,,,,0.46,0.88,40,40,8eae69e666908b3af0abe8e0dc5dd125834d7979ee6d47290b2c0feb2399edeb
hip,3,yes,perfect,"accept, perfect pronunciation, no need to hear other versions [pack3 r1]","keeper handoff, packs 1-3, accepted 2026-08-01",clip,af_heart,en-us,0.82,80,300,10,,no,no,0,0,0,no,"Here is the word, hip.",energy,120,-20,20,,,,,33a3c6205101678bc591375a7ceaaac1d29dc94576d2ef6caf34113e3ebc89ac
hit,3,yes,perfect,owner perfect hit_4 [UT1]; family spell_speed1; NEW family spell_speed1 (CS00 text @ speed 1.0),UPLIFT-TONE-1 / 2026-08-06,clip,af_heart,en-us,1.0,80,300,10,,no,no,0,0,0,no,Spell it: H I T. hit.,energy,80,-20,20,,,,,ce4b7aeb085aca622ac8cd936664179d13c7467d1913ab69477e2f8c712e004a
hog,3,yes,perfect,"accept, perfect","round 15, 2026-08-04",clip,af_heart,en-us,0.82,80,300,10,,no,no,0,0,0,no,"Here is the word, hog.",energy,120,-20,20,,,,,a94e8da84f813d5e9b4f1bbcd5097efa5d72c1987898dcd33b027550b4203742
hop,3,yes,perfect,owner perfect hop_2 [US6]; family carrier_spell_CS00; spell control CS00 (rollup → carrier_spell),UPLIFT-SWEEP-6 / 2026-08-07,clip,af_heart,en-us,0.82,80,300,10,,no,no,0,0,0,no,Spell it: H O P. hop.,energy,80,-20,20,,,,,4f6e5608a34d89d569c069e1740edfa783ce5538c4e81e384e2345e4faf2fdf5
hot,3,yes,perfect,owner perfect hot_10 [UP0]; family carrier_spell,UPLIFT-EXPERIMENT-0 / 2026-08-06,clip,af_heart,en-us,0.82,80,300,10,,no,no,0,0,0,no,Spell it: H O T. hot.,energy,80,-20,20,,,,,9c3955200cc14258673e9abe0ed13be19181873457d7c981a7e73c7646ed7c1f
job,3,yes,perfect,"accept, perfect","round 15, 2026-08-04",clip,af_heart,en-us,0.82,80,300,10,,no,no,0,0,0,no,"Here is the word, job.",energy,120,-20,20,,,,,f8a29a374e74cfe211a1e2566556103ea53d47691cd07a88fd8098027bcca2ea
lip,3,yes,perfect,"accept, perfect pronunciation, no need to listen to others [pack2 r7 uh-cut]","keeper handoff, packs 1-3, accepted 2026-08-01",clip+app,af_heart,en-us,0.82,80,300,10,,no,no,0,0,80,no,,none,,,,,,,,0f140e9713c9e35fd5621232a59afe4fc113bdab99d310427f1fd167b91abf97
log,3,yes,perfect,"accept, perfect pronunciation, ignore others [pack3 r2]","keeper handoff, packs 1-3, accepted 2026-08-01",clip,af_heart,en-us,0.82,80,300,10,,no,no,0,0,0,no,Say log.,asr,,,,0.44,0.9,40,40,973bedb16e47ddcb3c9682dfe888614843d34c5e09a8cba9eaeaf0126d50f6d3
lot,3,yes,perfect,owner perfect lot_2 [UP1]; family carrier_spell,UPLIFT-EXPERIMENT-1 / 2026-08-06,clip,af_heart,en-us,0.82,80,300,10,,no,no,0,0,0,no,Spell it: L O T. lot.,energy,80,-20,20,,,,,0239a08b27af3eb67e14eae980b3306dfbb87a22b571740e86f3315a994ab9e5
mom,3,yes,perfect,"accept, perfect pronunciation, no need to hear other versions [pack3 r1]","keeper handoff, packs 1-3, accepted 2026-08-01",clip,af_heart,en-us,0.82,80,300,10,,no,no,0,0,0,no,Say mom.,asr,,,,0.46,0.86,40,40,f48646b2860938a81d7bcf8714efc9c7e090c304c0a6c2e911c161a8d0d443f2
mop,3,yes,perfect,"accept, perfect pronunciation, no need to hear other versions [pack3 r1]","keeper handoff, packs 1-3, accepted 2026-08-01",clip,af_heart,en-us,0.82,80,300,10,,no,no,0,0,0,no,Say mop.,asr,,,,0.5,0.88,40,40,9cacc69efaa75974eda16025c9bdb58766bf73a8a3aa72d038c7f1a055eca95f
nod,3,yes,perfect,"accept, perfect [round 16b]","round 16b, 2026-08-04",clip,af_heart,en-us,0.82,80,300,10,,no,no,0,0,0,no,Say nod.,asr,,,,0.4,0.88,40,40,c48163b77436fdc8e8352aeb44a270e99d24ec23c91c756c21301098581189c4
not,3,yes,perfect,"accept, perfect pronunciation, no need to hear other versions [pack3 r1]","keeper handoff, packs 1-3, accepted 2026-08-01",clip,af_heart,en-us,0.82,80,300,10,,no,no,0,0,0,no,Say not.,asr,,,,0.4,0.88,40,40,4b6f6d4aa69e6728469b1d065cd419d471db2e346f3bfbf0c1dc7211a65ec076
pig,3,yes,perfect,"perfect, accept, no need to listen to other pigs [pack2 r4]","keeper handoff, packs 1-3, accepted 2026-08-01",clip,af_heart,en-us,0.82,80,300,10,,no,no,0,0,0,no,Say pig.,asr,,,,0.46,0.88,40,40,0200b52b5c07d09f00580f7fd8708829ce521ce516a288b30d51d0f16e6c7c83
pin,3,yes,perfect,"accept, perfect pronunciation, no need to hear other versions [pack3 r1]","keeper handoff, packs 1-3, accepted 2026-08-01",clip,af_heart,en-us,0.82,180,300,10,,no,no,0,0,0,no,,none,,,,,,,,05300695fa41ec5dc2a6429c2e01263861fd8ec26985cbb8ca179826fb5c78f6
pit,3,yes,perfect,"accept, perfect pronunciation, no need to hear other versions [pack3 r1]","keeper handoff, packs 1-3, accepted 2026-08-01",clip,af_heart,en-us,0.82,80,300,10,,no,no,0,0,0,no,Say pit.,asr,,,,0.48,0.96,40,40,ba4cd9998ec12ec515bf5bd83840e93b482863f3baf51a985c3500564b8d7ebe
pop,3,yes,perfect,"accept, perfect pronunciation, no need to hear other versions [pack3 r1]","keeper handoff, packs 1-3, accepted 2026-08-01",clip,af_heart,en-us,0.82,80,300,10,,no,no,0,0,0,no,Say pop.,asr,,,,0.46,0.9,40,40,2599f354ee3ac5d652dfe061a9c619998dc0fc70fa0b1778f47a184edeb759c5
pot,3,yes,perfect,"accept, perfect pronunciation, no need to hear other versions [pack3 r1]","keeper handoff, packs 1-3, accepted 2026-08-01",clip,af_heart,en-us,0.8,80,300,10,,no,no,0,0,0,no,"Here is the word, pot.",energy,100,-20,20,,,,,3cd1a21b9760df2a0891e91594de7b24edcf987d1850009ea4f524e3b0182a14
rip,3,yes,perfect,owner perfect rip_2 [UH3]; family listen_em; Listen—rip. energy cut; rollup→carrier_listen_em,UPLIFT-HARD-3 / 2026-08-06,clip,af_heart,en-us,0.82,80,300,10,,no,no,0,0,0,no,Listen—rip.,energy,80,-20,20,,,,,2cc6d8d8bc2a8832fb8df6fb30d16b4a2d273fd71d556aacbd257bde7cdfbf7a
sip,3,yes,perfect,"accept, perfect pronunciation, no need to hear other versions [pack3 r1]","keeper handoff, packs 1-3, accepted 2026-08-01",clip,af_heart,en-us,0.82,80,300,10,,no,no,0,0,0,no,Say sip.,asr,,,,0.52,1.12,80,80,caa5fb2cfa2b3f1a0708464da2906beada4ce3a9594b7305ee3a4dcbf19a1388
sit,3,yes,perfect,"perfect, accept this, no need to review other sits [pack2 r3]","keeper handoff, packs 1-3, accepted 2026-08-01",clip,af_heart,en-us,0.82,80,300,10,,no,no,0,0,0,no,sit. sit.,energy,80,-30,40,,,,,f7caa21402f6e8b0c257040fe261337c0c9444cc74f5762e9786f77c8070b915
six,3,yes,perfect,"perfect, accept this, no need to review other six's [pack2 r3]","keeper handoff, packs 1-3, accepted 2026-08-01",clip,af_heart,en-us,0.82,80,300,10,,no,no,0,0,0,no,Say six.,asr,,,,0.48,1.18,80,80,576e08e699b24c3d87fb70a71c9018bd3738559c5a874b30a39b1baf853769ed
tip,3,yes,perfect,"accept, perfect pronunciation, no need to hear other versions [pack3 r1]","keeper handoff, packs 1-3, accepted 2026-08-01",clip,af_heart,en-us,0.82,80,300,10,,no,no,0,0,0,no,Say tip.,asr,,,,0.46,0.94,40,40,b994a15662c89b2ac38ffa9a824e29497782bb06de8f787616b4d0ba81ba272f
top,3,yes,perfect,"accept, perfect pronunciation [pack3 r1]","keeper handoff, packs 1-3, accepted 2026-08-01",clip,af_heart,en-us,0.82,80,300,10,,no,no,0,0,0,no,Say top.,asr,,,,0.42,0.9,40,40,26073ad3e049bf7183f832905e7ffc0080d833d06a4afb885cd382f8aac9a190
wig,3,yes,perfect,"accept, perfect","round 15, 2026-08-04",clip,af_heart,en-us,0.85,80,300,10,,no,no,0,0,0,no,,none,,,,,,,,5dc9d6b06084183a8475ce705ffe7a57c235ae8c63160b520b2190773e84edd3
win,3,yes,perfect,"accept, best pronunciation of two wins, warmer [pack2 r5]","keeper handoff, packs 1-3, accepted 2026-08-01",clip,af_heart,en-us,0.82,80,300,10,,no,no,0,0,0,no,Say win.,asr,,,,0.42,0.86,40,40,886f111fc35e28f0631889b130b7b92abe708901e317e8557fec083fd7287342
bed,4,yes,perfect,"accept, perfect","round 15, 2026-08-04",clip,af_heart,en-us,0.82,80,300,10,,no,no,0,0,0,no,"Here is the word, bed.",energy,120,-20,20,,,,,c172c9c53bbdcc44b215dcc320ab51d464f92cfa9ecb5251cdafa7f13586ffaf
bud,4,yes,perfect,"accept, perfect","round 15, 2026-08-04",clip,af_heart,en-us,0.82,80,300,10,,no,no,0,0,0,no,"Here is the word, bud.",energy,120,-20,20,,,,,ffb4b171c3fa7b457b436bcfa5e3597cc941b9fa8c1e7e02f5050258e8df4e0d
bug,4,yes,perfect,"accept, perfect [round 18]","round 18, 2026-08-04",clip,af_heart,en-us,0.82,80,300,10,,no,no,0,0,0,no,"Here is the word, bug.",energy,120,-20,20,,,,,4775f8efd80a2bc36a887a04a9edc0458aeeae251a0b5a398e917b086632035e
bun,4,yes,perfect,"accept, perfect [round 18]","round 18, 2026-08-04",clip,af_heart,en-us,0.82,80,300,10,,no,no,0,0,0,no,"Here is the word, bun.",energy,120,-20,20,,,,,16b5611ce44e71783ed05379ece5d818c51c3d94af5c54832da6034ae2a052e5
bus,4,yes,perfect,owner perfect bus_5 [UH4]; family foil_not_bun; Not bun—bus.; cut=second_island; CSV mode energy + pin; cut=second_island; CSV mode energy + pin,UPLIFT-HARD-4 / 2026-08-07,clip,af_heart,en-us,0.82,80,300,10,,no,no,0,0,0,no,Not bun—bus.,energy,80,-20,20,,,,,c791ae53c08283cbd8d4272f22a36f3896a9c55626e565f704e7b74c4276d774
cup,4,yes,perfect,owner perfect cup_4 [UT1]; family carrier_spell_CS00; spell control CS00 (rollup → carrier_spell),UPLIFT-TONE-1 / 2026-08-06,clip,af_heart,en-us,0.82,80,300,10,,no,no,0,0,0,no,Spell it: C U P. cup.,energy,80,-20,20,,,,,fac8af98544eeeb5b1de7a27b5a119f95612ffe3910596f773d606128272abae
cut,4,yes,perfect,owner perfect cut_8 [UP0]; family carrier_phrase,UPLIFT-EXPERIMENT-0 / 2026-08-06,clip,af_heart,en-us,0.82,80,300,10,,no,no,0,0,0,no,"Listen, cut.",energy,80,-20,20,,,,,55a663904d14a9ad25350aeb2fffb60126a86df56a06b676f36295208ed2870e
dug,4,yes,perfect,owner perfect dug_6 [US3]; family spell_speed1; spell_speed1 (CS00 text @ speed 1.0),UPLIFT-SWEEP-3 / 2026-08-06,clip,af_heart,en-us,1.0,80,300,10,,no,no,0,0,0,no,Spell it: D U G. dug.,energy,80,-20,20,,,,,8cd17e4b7f4406fb58a7aa5be4ce05e3b502e76b33a3ea9b0cb595bfcd533e5c
fun,4,yes,perfect,"accept, perfect [round 18]","round 18, 2026-08-04",clip,af_heart,en-us,0.82,80,300,10,,no,no,0,0,0,no,"Here is the word, fun.",energy,120,-20,20,,,,,28c87ac587ac58c09c26cd94f1fe1bdda26930e947024c8f4c988700452b1b90
get,4,yes,perfect,owner perfect get_3 [US4]; family carrier_listen_em; Listen—{word}. energy cut,UPLIFT-SWEEP-4 / 2026-08-07,clip,af_heart,en-us,0.82,80,300,10,,no,no,0,0,0,no,Listen—get.,energy,80,-20,20,,,,,29a35046cee912372d4aaf12f95cb46248f6f1ab7f0fff70d0bab42577153531
hen,4,yes,perfect,owner perfect hen_8 [UP1]; family carrier_spell,UPLIFT-EXPERIMENT-1 / 2026-08-06,clip,af_heart,en-us,0.82,80,300,10,,no,no,0,0,0,no,Spell it: H E N. hen.,energy,80,-20,20,,,,,709b6c600c8217f2f2e52d48143af253a04db9e3b82ea0ba1be80b6102b9c061
hug,4,yes,perfect,owner perfect hug_2 [US3]; family spell_speed1; spell_speed1 (CS00 text @ speed 1.0),UPLIFT-SWEEP-3 / 2026-08-06,clip,af_heart,en-us,1.0,80,300,10,,no,no,0,0,0,no,Spell it: H U G. hug.,energy,80,-20,20,,,,,33978a6fe8eb65b9b6a1a9234334101870e7402573f179e4e1b35040a663815b
hum,4,yes,perfect,"accept, perfect [round 18]","round 18, 2026-08-04",clip,af_heart,en-us,0.82,80,300,10,,no,no,0,0,0,no,"Here is the word, hum.",energy,120,-20,20,,,,,7ddb93834d76276647febce99f0df0aa468c52515b83edb1b5155a92013496b1
jet,4,yes,perfect,owner perfect jet_3 [UT1]; family carrier_spell_CS00; spell control CS00 (rollup → carrier_spell),UPLIFT-TONE-1 / 2026-08-06,clip,af_heart,en-us,0.82,80,300,10,,no,no,0,0,0,no,Spell it: J E T. jet.,energy,80,-20,20,,,,,159ddcbf88513a0b7296ac3f51d3ef5dd7a05585fe8767ef72ff4d06ab258688
jug,4,yes,perfect,owner perfect jug_2 [UP3]; family carrier_spell,UPLIFT-EXPERIMENT-3 / 2026-08-06,clip,af_heart,en-us,0.82,80,300,10,,no,no,0,0,0,no,Spell it: J U G. jug.,energy,80,-20,20,,,,,6f4b3db8ee98264370ed657a931eb2157b9ae4df28eab16f478890fed05b9838
leg,4,yes,perfect,perfect,21,round21 leg_1 (double_energy_120),af_heart,en-us,0.82,80,300,10,,no,no,0,0,0,no,leg. leg.,energy,120,-20,20,,,,,217c2a6ef7339d9f536b426afe3f1bbca0b7638cb793b3a8342b47eabc5907be
let,4,yes,perfect,owner perfect let_5 [US3]; family spell_speed1; spell_speed1 (CS00 text @ speed 1.0),UPLIFT-SWEEP-3 / 2026-08-06,clip,af_heart,en-us,1.0,80,300,10,,no,no,0,0,0,no,Spell it: L E T. let.,energy,80,-20,20,,,,,bed3100d045861ab8341bf480b07d40f8f6132ad96127755e8cfb3c26a9e09c7
men,4,yes,perfect,owner perfect men_6 [UH2]; family listen_em; Listen—men. / second_island; CSV mode energy + pin; cut=second_island; CSV mode energy + pin,UPLIFT-HARD-2 / 2026-08-06,clip,af_heart,en-us,0.82,80,300,10,,no,no,0,0,0,no,Listen—men.,energy,80,-20,20,,,,,bda09d45affc6a31cecdd047b36df21cab7d0c28d417c159ce1eddb4e023da32
met,4,yes,perfect,perfect,22,round22 met_1 (double_energy_120),af_heart,en-us,0.82,80,300,10,,no,no,0,0,0,no,met. met.,energy,120,-20,20,,,,,e23693c96f6a7663e5c1f74ebcff6694b48972d8357caffed6fa96fd02f6d02c
mud,4,yes,perfect,owner perfect mud_3 [US3]; family carrier_double_say; double_say second island; cut=second_island; CSV mode energy + pin,UPLIFT-SWEEP-3 / 2026-08-06,clip,af_heart,en-us,0.82,80,300,10,,no,no,0,0,0,no,mud. mud.,energy,80,-20,20,,,,,de66e4b3c250871b71b42206bf0941f73140bee0271a217cfd9c1170bd355708
mug,4,yes,perfect,owner perfect mug_4 [UH10]; family soft_cue_speed1; soft_cue @ speed 1.0 second_island; cut=second_island; CSV mode energy + pin,UPLIFT-HARD-10 / 2026-08-07,clip,af_heart,en-us,1.0,80,300,10,,no,no,0,0,0,no,Softly: mug.,energy,80,-20,20,,,,,fa558da63753c45c1a3b5b89d74e72e88dc996915be63d1d29160c9600d6bf57
net,4,yes,perfect,owner perfect net_5 [US3]; family spell_speed1; spell_speed1 (CS00 text @ speed 1.0),UPLIFT-SWEEP-3 / 2026-08-06,clip,af_heart,en-us,1.0,80,300,10,,no,no,0,0,0,no,Spell it: N E T. net.,energy,80,-20,20,,,,,a25a27dffabe4e2e59bd57c3754e25c522726766689dbaae87075d099c7482b3
nut,4,yes,perfect,owner perfect nut_2 [US3]; family spell_speed1; spell_speed1 (CS00 text @ speed 1.0),UPLIFT-SWEEP-3 / 2026-08-06,clip,af_heart,en-us,1.0,80,300,10,,no,no,0,0,0,no,Spell it: N U T. nut.,energy,80,-20,20,,,,,c8d8eda0ecee4dd7c66947a8a93731df3b1b9af3981c03f5850905f816c42137
peg,4,yes,perfect,owner perfect peg_2 [UH6]; family carrier_listen_em; Listen—{word}. energy cut,UPLIFT-HARD-6 / 2026-08-07,clip,af_heart,en-us,0.82,80,300,10,,no,no,0,0,0,no,Listen—peg.,energy,80,-20,20,,,,,b54bd8e0ea07d5e69b0490aaaefcaa94f02eb3dcba43cc41646bb92126984f16
pen,4,yes,perfect,perfect,23,round23 pen_2 (comma_asr_g30_40),af_heart,en-us,0.82,80,300,10,,no,no,0,0,0,no,"Here is the word, pen.",asr,,,,0.948,1.6,30,40,17d09ab986409162489547e54c96dc9bb112e98713e783cd1f8b5cfb9485035a
pet,4,yes,perfect,perfect,22,round22 pet_3 (comma_energy_180),af_heart,en-us,0.82,80,300,10,,no,no,0,0,0,no,"Here is the word, pet.",energy,180,-20,20,,,,,3ed806d8a837de7feaa5e4b3bd84b7121c296cc699ff190dc7617b6b16715682
pup,4,yes,perfect,owner perfect pup_3 [UP3]; family carrier_spell,UPLIFT-EXPERIMENT-3 / 2026-08-06,clip,af_heart,en-us,0.82,80,300,10,,no,no,0,0,0,no,Spell it: P U P. pup.,energy,80,-20,20,,,,,5ac94265e345c70db9912236251f510053c18d70b54e2983fb1925fe3f95e49f
red,4,yes,perfect,owner perfect red_2 [UP3]; family carrier_spell,UPLIFT-EXPERIMENT-3 / 2026-08-06,clip,af_heart,en-us,0.82,80,300,10,,no,no,0,0,0,no,Spell it: R E D. red.,energy,80,-20,20,,,,,38fba7adecec288f25ca2425e195da4044a97d5f5eee5d6b5c8c29a742e6b256
rub,4,yes,perfect,owner perfect rub_5 [US1]; family spell_speed1; spell_speed1 (CS00 text @ speed 1.0),UPLIFT-SWEEP-1 / 2026-08-06,clip,af_heart,en-us,1.0,80,300,10,,no,no,0,0,0,no,Spell it: R U B. rub.,energy,80,-20,20,,,,,0a6ec57b8ba5131c2567730cbd3e5370a8a4ca9ecaace345da3fcdf6cb022504
rug,4,yes,perfect,owner perfect rug_4 [US3]; family spell_speed1; spell_speed1 (CS00 text @ speed 1.0),UPLIFT-SWEEP-3 / 2026-08-06,clip,af_heart,en-us,1.0,80,300,10,,no,no,0,0,0,no,Spell it: R U G. rug.,energy,80,-20,20,,,,,23b525270b7f899eb5aadffdd1ac7c8c91908685aeeb7a1709a12ab0b42126d2
run,4,yes,perfect,owner perfect run_5 [UH4]; family soft_cue; Softly: run.; cut=second_island; CSV mode energy + pin; cut=second_island; CSV mode energy + pin,UPLIFT-HARD-4 / 2026-08-07,clip,af_heart,en-us,0.82,80,300,10,,no,no,0,0,0,no,Softly: run.,energy,80,-20,20,,,,,a977045fe3836c8e7bb72d2a5c18447f550850c9ce154710c5172bfc1199fb6b
set,4,yes,perfect,owner perfect set_5 [US3]; family carrier_spell_CS00; spell control CS00 (rollup → carrier_spell),UPLIFT-SWEEP-3 / 2026-08-06,clip,af_heart,en-us,0.82,80,300,10,,no,no,0,0,0,no,Spell it: S E T. set.,energy,80,-20,20,,,,,eb10840214525dae2b114103129f990e54cb879cd64d0dc0b4e2902707269416
sun,4,yes,perfect,perfect,21,round21 sun_2 (double_energy_120),af_heart,en-us,0.82,80,300,10,,no,no,0,0,0,no,sun. sun.,energy,120,-20,20,,,,,10e289ed3f1e6738d3c38af97e11ad23fc8bee66d87e7de852ec30e2440cc259
ten,4,yes,perfect,perfect,20,round20 ten_1 (comma_energy_120),af_heart,en-us,0.82,80,300,10,,no,no,0,0,0,no,"Here is the word, ten.",energy,120,-20,20,,,,,6d05e9cb5009b8bb5e8cb4fe5222b987fa2bb054e56c40f169c63dd0507f8aea
tub,4,yes,perfect,owner perfect tub_5 [US1]; family spell_speed1; spell_speed1 (CS00 text @ speed 1.0),UPLIFT-SWEEP-1 / 2026-08-06,clip,af_heart,en-us,1.0,80,300,10,,no,no,0,0,0,no,Spell it: T U B. tub.,energy,80,-20,20,,,,,708991b4fdea1517ff05fca5d9f68bb0d7afcaa5ac0777c7c0f9d67c4c3da69d
tug,4,yes,perfect,owner perfect tug_3 [US4]; family spell_speed1; spell_speed1 (CS00 text @ speed 1.0),UPLIFT-SWEEP-4 / 2026-08-07,clip,af_heart,en-us,1.0,80,300,10,,no,no,0,0,0,no,Spell it: T U G. tug.,energy,80,-20,20,,,,,cbc26dea8c8723b462ca4fb7bcfcf61a0cab5858fb4351df5d4b7d38740f885a
vet,4,yes,perfect,perfect,22,round22 vet_3 (comma_energy_180),af_heart,en-us,0.82,80,300,10,,no,no,0,0,0,no,"Here is the word, vet.",energy,180,-20,20,,,,,0740d77d511fd816f64229dd6ab7eea6714c8287e50a97ba58a667db7d43c09b
web,4,yes,perfect,owner perfect web_1 [UH6]; family spell_speed1; spell_speed1 (CS00 text @ speed 1.0),UPLIFT-HARD-6 / 2026-08-07,clip,af_heart,en-us,1.0,80,300,10,,no,no,0,0,0,no,Spell it: W E B. web.,energy,80,-20,20,,,,,36139009b394a3d50880c01ede17cb6fe74ae1e78f3e9dc8795c80473898cf3b
wet,4,yes,perfect,owner perfect wet_4 [US3]; family spell_speed1; spell_speed1 (CS00 text @ speed 1.0),UPLIFT-SWEEP-3 / 2026-08-06,clip,af_heart,en-us,1.0,80,300,10,,no,no,0,0,0,no,Spell it: W E T. wet.,energy,80,-20,20,,,,,33816474244ff20ab0a588ed4fe25ba2e00fe04d34d98e60ee8fa4c55ba1115f
yet,4,yes,perfect,owner perfect yet_6 [US4]; family carrier_listen_em; Listen—{word}. energy cut,UPLIFT-SWEEP-4 / 2026-08-07,clip,af_heart,en-us,0.82,80,300,10,,no,no,0,0,0,no,Listen—yet.,energy,80,-20,20,,,,,9aebe1aa33c9d128d563602efcaa1e84e7f659683f5586ec8393bdfcad1d6456
cub,5,yes,perfect,owner perfect cub_3 [UH10]; family spell_speed1; spell_speed1 (CS00 text @ speed 1.0),UPLIFT-HARD-10 / 2026-08-07,clip,af_heart,en-us,1.0,80,300,10,,no,no,0,0,0,no,Spell it: C U B. cub.,energy,80,-20,20,,,,,021d81b3830996b877758edfeb5df90a337495ef8fd9dd311a9eb9c56d9c5464
den,5,yes,perfect,perfect,22,round22 den_1 (double_energy_120),af_heart,en-us,0.82,80,300,10,,no,no,0,0,0,no,den. den.,energy,120,-20,20,,,,,41afc621e6cf8e517da6146ca041433a187bad282cc7e7291588a01323c5eb91
dot,5,yes,perfect,perfect,23,round23 dot_3 (comma_energy_100),af_heart,en-us,0.82,80,300,10,,no,no,0,0,0,no,"Here is the word, dot.",energy,100,-20,20,,,,,2ee043d833e0dbc9e1ee34d3a05172123c55746b7b76ab3f288bbdacc895b57c
fed,5,yes,perfect,perfect,22,round22 fed_3 (comma_energy_180),af_heart,en-us,0.82,80,300,10,,no,no,0,0,0,no,"Here is the word, fed.",energy,180,-20,20,,,,,4107db4bbb7a106b3e0b303246f3dbe6d8e05e087d785732356190170f2339e7
fig,5,yes,perfect,perfect,22,round22 fig_3 (comma_energy_180),af_heart,en-us,0.82,80,300,10,,no,no,0,0,0,no,"Here is the word, fig.",energy,180,-20,20,,,,,7a7fd6cfc38e8cab3e343a0dd46052a0d6b2259188df7a8cf428a65d6a36011a
fog,5,yes,perfect,owner perfect fog_6 [UP2]; family carrier_spell,UPLIFT-EXPERIMENT-2 / 2026-08-06,clip,af_heart,en-us,0.82,80,300,10,,no,no,0,0,0,no,Spell it: F O G. fog.,energy,80,-20,20,,,,,5d0e057c792690b6e9ad86c96b4ccce2f837e77ff3be8ba700a4374d2584ef30
gap,5,yes,perfect,owner perfect gap_8 [UP2]; family carrier_phrase,UPLIFT-EXPERIMENT-2 / 2026-08-06,clip,af_heart,en-us,0.82,80,300,10,,no,no,0,0,0,no,"Listen, gap.",energy,80,-20,20,,,,,47692c95cc325d5889d235c43636a9f22caf048f82110f9b34674f498afdfe95
gas,5,yes,perfect,perfect,23,round23 gas_2 (comma_asr_g30_40),af_heart,en-us,0.82,80,300,10,,no,no,0,0,0,no,"Here is the word, gas.",asr,,,,0.969,1.6,30,40,8e10bd4ff801022afa1ebd953855ffbd53d8dedd159a338e706d19155dc14f81
gum,5,yes,perfect,owner perfect gum_2 [CSP1]; strategy CS04 carrier_spell_CS04,CARRIER-SPELL-PHASE1 / 2026-08-06,clip,af_heart,en-us,0.82,80,300,10,,no,no,0,0,0,no,This spells G-U-M: gum.,energy,80,-20,20,,,,,c514fe63670177ed52657b67090fa693160e5bea5d9e934994d608d30d7e7232
hid,5,yes,perfect,owner perfect hid_2 [US4]; family spell_speed1; spell_speed1 (CS00 text @ speed 1.0),UPLIFT-SWEEP-4 / 2026-08-07,clip,af_heart,en-us,1.0,80,300,10,,no,no,0,0,0,no,Spell it: H I D. hid.,energy,80,-20,20,,,,,072ffcb7029cf814f4038af0b7bf5c12c8b9eecfed2d8fdc635c062f323d2afe
hut,5,yes,perfect,owner perfect hut_3 [US4]; family spell_speed1; spell_speed1 (CS00 text @ speed 1.0),UPLIFT-SWEEP-4 / 2026-08-07,clip,af_heart,en-us,1.0,80,300,10,,no,no,0,0,0,no,Spell it: H U T. hut.,energy,80,-20,20,,,,,1eccb3bb21afe8e30f9b36c9833a5e43113e7059f78ab2f1efe270cf4cfe52eb
jab,5,yes,perfect,perfect,23,round23 jab_2 (double_energy_120),af_heart,en-us,0.82,80,300,10,,no,no,0,0,0,no,jab. jab.,energy,120,-20,20,,,,,fb61f9e6168eec425d80d68f443275055d416c9eaa54f1f7153d0e1ca8d08b92
jig,5,yes,perfect,perfect,23,round23 jig_2 (comma_asr_g30_40),af_heart,en-us,0.82,80,300,10,,no,no,0,0,0,no,"Here is the word, jig.",asr,,,,0.969,1.82,30,40,80aa4a1327cab3d785340ef0afb4a2c682b58ba54791bfb594a664f17613e6ff
jog,5,yes,perfect,owner perfect jog_1 [UP2]; family carrier_spell; owner wrote job_1 → jog_1,UPLIFT-EXPERIMENT-2 / 2026-08-06,clip,af_heart,en-us,0.82,80,300,10,,no,no,0,0,0,no,Spell it: J O G. jog.,energy,80,-20,20,,,,,5a0fa2fd5d3ad1638a01e1ebd104e74de1ecbba971f1bb426679e33b7ab360b5
jot,5,yes,perfect,perfect,23,round23 jot_2 (comma_asr_g30_40),af_heart,en-us,0.82,80,300,10,,no,no,0,0,0,no,"Here is the word, jot.",asr,,,,0.905,1.65,30,40,c93cb44ead0bc44a4b83add6a2735b4ddd4d5babcaa1a40a4227c2cacf40854a
kid,5,yes,perfect,perfect,23,round23 kid_1 (double_energy_120),af_heart,en-us,0.82,80,300,10,,no,no,0,0,0,no,kid. kid.,energy,120,-20,20,,,,,059d8f88c622c4f0fd52abea43cdb3211bcc0752af6ee06e7d1949fa09ce77fa
kit,5,yes,perfect,owner perfect kit_4 [US4]; family spell_speed1; spell_speed1 (CS00 text @ speed 1.0),UPLIFT-SWEEP-4 / 2026-08-07,clip,af_heart,en-us,1.0,80,300,10,,no,no,0,0,0,no,Spell it: K I T. kit.,energy,80,-20,20,,,,,f04315d72c672ae5a61a25a188c3769be2a1ba8bc6e83d215268042837c0b46a
lab,5,yes,perfect,perfect,23,round23 lab_2 (double_energy_120),af_heart,en-us,0.82,80,300,10,,no,no,0,0,0,no,lab. lab.,energy,120,-20,20,,,,,50b74bfb972e949eb67d3c5acc3f0e9c0401ccbf213dfae8f8a6775f60d460dc
lad,5,yes,perfect,perfect,23,round23 lad_3 (double_energy_120),af_heart,en-us,0.82,80,300,10,,no,no,0,0,0,no,lad. lad.,energy,120,-20,20,,,,,f88ff867ea3fb79b0de66d9d2fa76e2e7abb37419be7e2be62099a4765438aee
led,5,yes,perfect,perfect,23,round23 led_2 (double_energy_120),af_heart,en-us,0.82,80,300,10,,no,no,0,0,0,no,led. led.,energy,120,-20,20,,,,,36170d5f9e0b8e73ba53baceddc76f68f888604820f605b10879352b47218038
lid,5,yes,perfect,perfect,23,round23 lid_3 (comma_asr_g30_40),af_heart,en-us,0.82,80,300,10,,no,no,0,0,0,no,"Here is the word, lid.",asr,,,,1.033,1.7,30,40,9d3e5e8000d898d323fe59b9a5cdfddaf7a9570ddd568f8f313d680fef540d3f
lit,5,yes,perfect,owner perfect lit_5 [US4]; family spell_speed1; spell_speed1 (CS00 text @ speed 1.0),UPLIFT-SWEEP-4 / 2026-08-07,clip,af_heart,en-us,1.0,80,300,10,,no,no,0,0,0,no,Spell it: L I T. lit.,energy,80,-20,20,,,,,f390aae43d2bd3326b38379d79587e33bc46595da560bcbaeaa4b3c96c5ac6f7
lug,5,yes,perfect,owner perfect lug_13 [UH11]; family soft_cue_speed1; soft_cue @ speed 1.0 second_island; cut=second_island; CSV mode energy + pin,UPLIFT-HARD-11 / 2026-08-07,clip,af_heart,en-us,1.0,80,300,10,,no,no,0,0,0,no,Softly: lug.,energy,80,-20,20,,,,,704446b998eb8e1992a1291e520fac2c4b91fbe3170d1025d32311ca4c6cf0a9
mix,5,yes,perfect,perfect,24,round24 mix_1 (comma_asr_g30_40),af_heart,en-us,0.82,80,300,10,,no,no,0,0,0,no,"Here is the word, mix.",asr,,,,1.012,1.66,30,40,2e5a74985ef29815a41c48b5fe5b537dc8b9531d3a75647921d2cda0757fb61e
nab,5,yes,perfect,owner perfect nab_9 [UP0]; family baseline,UPLIFT-EXPERIMENT-0 / 2026-08-06,clip,af_heart,en-us,0.82,80,300,10,,no,no,0,0,0,no,"Here it is, nab.",asr,,,,0.756,1.28,30,40,88958d64714530004ecd7ceb3d530c22491624da9a06e7ec16b55fe742c97eb6
pep,5,yes,perfect,owner perfect pep_5 [US4]; family carrier_spell_CS00; spell control CS00 (rollup → carrier_spell),UPLIFT-SWEEP-4 / 2026-08-07,clip,af_heart,en-us,0.82,80,300,10,,no,no,0,0,0,no,Spell it: P E P. pep.,energy,80,-20,20,,,,,34833fd6bbbe32a6ee774912d2ef71200b859d339116a95e715d075304345bf8
pod,5,yes,perfect,perfect,24,round24 pod_2 (comma_energy_180),af_heart,en-us,0.82,80,300,10,,no,no,0,0,0,no,"Here is the word, pod.",energy,180,-20,20,,,,,4803b1f9e97a1552ce474f8fa732c08d728cd366b9e652f5051736bb4c420203
rib,5,yes,perfect,owner perfect rib_2 [US4]; family baseline; baseline control — recipe unchanged except verdict+pin,UPLIFT-SWEEP-4 / 2026-08-07,clip,af_heart,en-us,0.82,80,300,10,,no,no,0,0,0,no,"Here is the word, rib.",asr,,,,1.012,1.66,30,40,8d0e9d4988be162327ac9463bc82fa46626f4d90877f6943aa422f4021d6d220
rim,5,yes,perfect,owner perfect rim_6 [US4]; family spell_speed1; spell_speed1 (CS00 text @ speed 1.0),UPLIFT-SWEEP-4 / 2026-08-07,clip,af_heart,en-us,1.0,80,300,10,,no,no,0,0,0,no,Spell it: R I M. rim.,energy,80,-20,20,,,,,f3a25fe97cfba5ba73807332796043148596f2a517819ebdec0c656b7267cb48
rod,5,yes,perfect,owner perfect rod_7 [UP3]; family carrier_spell,UPLIFT-EXPERIMENT-3 / 2026-08-06,clip,af_heart,en-us,0.82,80,300,10,,no,no,0,0,0,no,Spell it: R O D. rod.,energy,80,-20,20,,,,,f4bb2589769777dec53abb2d0d0d65a9d974809bc204d3bb3f436dffe0d42eee
rot,5,yes,perfect,owner perfect rot_4 [UT1]; family spell_speed1; NEW family spell_speed1 (CS00 text @ speed 1.0),UPLIFT-TONE-1 / 2026-08-06,clip,af_heart,en-us,1.0,80,300,10,,no,no,0,0,0,no,Spell it: R O T. rot.,energy,80,-20,20,,,,,d06a2943ded13b880630e7f5af418ef9fa0bf59e8a13f398191522bffaa8efdd
sag,5,yes,perfect,owner perfect sag_4 [US4]; family carrier_spell_CS00; spell control CS00 (rollup → carrier_spell),UPLIFT-SWEEP-4 / 2026-08-07,clip,af_heart,en-us,0.82,80,300,10,,no,no,0,0,0,no,Spell it: S A G. sag.,energy,80,-20,20,,,,,593f7c79652ef9da28fad2cc3c14ae2a3475fef56600ce0ddd6e8cb547573dfe
sub,5,yes,perfect,owner perfect sub_6 [US6]; family spell_speed1; spell_speed1 (CS00 text @ speed 1.0),UPLIFT-SWEEP-6 / 2026-08-07,clip,af_heart,en-us,1.0,80,300,10,,no,no,0,0,0,no,Spell it: S U B. sub.,energy,80,-20,20,,,,,e12a25e2ceaa96ac6612d65853f88076fad68ad24a74956bc82a45f7a41ea7ce
sum,5,yes,perfect,perfect,24,round24 sum_2 (double_energy_120),af_heart,en-us,0.82,80,300,10,,no,no,0,0,0,no,sum. sum.,energy,120,-20,20,,,,,b55f998c436f069741cb637c3faa38260d111301aa8a8e8ae67db99b932d3c5e
tab,5,yes,perfect,perfect,24,round24 tab_3 (comma_asr_g30_40),af_heart,en-us,0.82,80,300,10,,no,no,0,0,0,no,"Here is the word, tab.",asr,,,,0.884,1.54,30,40,a77da452ddc31c4690af67091197b7bf92518658a3219af8dfbc374ff7118597
tot,5,yes,perfect,owner perfect tot_5 [US4]; family carrier_spell_CS00; spell control CS00 (rollup → carrier_spell),UPLIFT-SWEEP-4 / 2026-08-07,clip,af_heart,en-us,0.82,80,300,10,,no,no,0,0,0,no,Spell it: T O T. tot.,energy,80,-20,20,,,,,fdf3998f053bc85bd569053b2dc2f7ef9f5490339a15fafddec268e8f6836815
wax,5,yes,perfect,perfect,24,round24 wax_2 (comma_asr_g30_40),af_heart,en-us,0.82,80,300,10,,no,no,0,0,0,no,"Here is the word, wax.",asr,,,,0.969,1.58,30,40,2487252e7e7362400bfa5938a972d78bba69caaede27a273ea8b49efbd121fc8
wed,5,yes,perfect,owner perfect wed_6 [UH5]; family spell_speed1; spell_speed1 (CS00 text @ speed 1.0),UPLIFT-HARD-5 / 2026-08-07,clip,af_heart,en-us,1.0,80,300,10,,no,no,0,0,0,no,Spell it: W E D. wed.,energy,80,-20,20,,,,,70fe1c425760c0b0c5ff04569a96c26af363449cef2af7df3478b5e0604a5fa5
wit,5,yes,perfect,perfect,24,round24 wit_2 (comma_energy_180),af_heart,en-us,0.82,80,300,10,,no,no,0,0,0,no,"Here is the word, wit.",energy,180,-20,20,,,,,a80399faa447926e4c5016f5e58f9ea47da4c793349823dd33878f6b1444a5be
yak,5,yes,perfect,perfect,24,round24 yak_3 (comma_asr_g30_40),af_heart,en-us,0.82,80,300,10,,no,no,0,0,0,no,"Here is the word, yak.",asr,,,,0.969,1.56,30,40,421c02f07c80d4977d9ebd24afa80da2fcc184f0bba52721457cc888a7b2ab3c
yes,5,yes,perfect,perfect — almost beyond perfection; more human than human pronunciation,25,round25 yes_1 (comma_asr_g30_40),af_heart,en-us,0.82,80,300,10,,no,no,0,0,0,no,"Here is the word, yes.",asr,,,,0.969,1.58,30,40,04c83de39bc4a31fc30d27695979b9128869697d1e168a3733ccbcaeedee1387
zag,5,yes,perfect,perfect,25,round25 zag_3 (double_energy_120),af_heart,en-us,0.82,80,300,10,,no,no,0,0,0,no,zag. zag.,energy,120,-20,20,,,,,67cee144e91649c9dbf896c8b3d7a2cc11db76301f9ad1f3ce95625bfdcb325c
zig,5,yes,perfect,perfect,25,round25 zig_3 (double_energy_120),af_heart,en-us,0.82,80,300,10,,no,no,0,0,0,no,zig. zig.,energy,120,-20,20,,,,,3cba0509bf7d8860af43c3df7e1d813de82a915014eb84b988d638ccc047ad63
zip,5,yes,perfect,owner perfect zip_2 [CSP1]; strategy baseline,CARRIER-SPELL-PHASE1 / 2026-08-06,clip,af_heart,en-us,0.82,80,300,10,,no,no,0,0,0,no,zip. zip.,energy,120,-20,20,,,,,a68ba80aafd67c3285311f4060d78c285aad008f7be28589bc5eb42ead5c1593
bush,6,yes,perfect,perfect,26,round26 bush_1 (comma_asr_g30_40),af_heart,en-us,0.82,80,300,10,,no,no,0,0,0,no,"Here is the word, bush.",asr,,,,0.991,1.58,30,40,30f79930c3ae8be22adfda8af50c4d9fb4cbef8df7cd4bb734455efc873fe1ec
cash,6,yes,perfect,perfect,26,round26 cash_3 (comma_asr_g30_40),af_heart,en-us,0.82,80,300,10,,no,no,0,0,0,no,"Here is the word, cash.",asr,,,,0.969,1.7,30,40,68935393e104f61eb046cffa9d2b81b7bed387e429727e9f8b136453395d93c9
chap,6,yes,perfect,perfect,26,round26 chap_2 (comma_asr_g30_40),af_heart,en-us,0.82,80,300,10,,no,no,0,0,0,no,"Here is the word, chap.",asr,,,,0.841,1.7,30,40,fa50189a7461693d235725764feafeac4f9149dc119c384aa7caefdc419bf785
chat,6,yes,perfect,perfect,26,round26 chat_1 (comma_asr_g30_40),af_heart,en-us,0.82,80,300,10,,no,no,0,0,0,no,"Here is the word, chat.",asr,,,,0.884,1.52,30,40,55f5919eec136935ef9ffd73bc292024daa7034d60306526e78cb4db294bc084
chin,6,yes,perfect,perfect,26,round26 chin_1 (comma_asr_g30_40),af_heart,en-us,0.82,80,300,10,,no,no,0,0,0,no,"Here is the word, chin.",asr,,,,0.905,1.72,30,40,ab03cfd2cdea6da1f6346fd0399d15ecc8644ab360b1bf9251faeccb014a4979
chip,6,yes,perfect,owner perfect chip_3 [US5]; family baseline; baseline control — recipe unchanged except verdict+pin,UPLIFT-SWEEP-5 / 2026-08-07,clip,af_heart,en-us,0.82,80,300,10,,no,no,0,0,0,no,"Here is the word, chip.",asr,,,,0.927,1.76,30,40,faa387aaf123fb33a2842e5d0d74f2e99aad7b23c11514ce838b0290c02a258d
chop,6,yes,perfect,perfect,26,round26 chop_2 (comma_asr_g30_40),af_heart,en-us,0.82,80,300,10,,no,no,0,0,0,no,"Here is the word, chop.",asr,,,,0.927,1.82,30,40,0beeeb0066968eb210c66e7a9bb0b870bfae9f69f6c06d6a04128ce2e6e98566
chug,6,yes,perfect,perfect,26,round26 chug_3 (comma_asr_g30_40),af_heart,en-us,0.82,80,300,10,,no,no,0,0,0,no,"Here is the word, chug.",asr,,,,0.905,1.75,30,40,f1d7e9007b813a462fbc421b7ddafaa1d9b852b85f9b9f2c5203196fd057d35f
chum,6,yes,perfect,owner perfect chum_6 [US5]; family spell_speed1; spell_speed1 (CS00 text @ speed 1.0),UPLIFT-SWEEP-5 / 2026-08-07,clip,af_heart,en-us,1.0,80,300,10,,no,no,0,0,0,no,Spell it: C H U M. chum.,energy,80,-20,20,,,,,85c8e94205d2c1c27a764fd35c61fc024aeb8322a57636926f3c988faff7f4c0
dash,6,yes,perfect,perfect,26,round26 dash_3 (comma_asr_g30_40),af_heart,en-us,0.82,80,300,10,,no,no,0,0,0,no,"Here is the word, dash.",asr,,,,0.948,1.6,30,40,9f3d9db49d56f7fb78bb1731fb7731843f32b71cfaa9e5374d193e15082d4cb9
dish,6,yes,perfect,owner perfect dish_6 [US6]; family spell_speed1; spell_speed1 (CS00 text @ speed 1.0),UPLIFT-SWEEP-6 / 2026-08-07,clip,af_heart,en-us,1.0,80,300,10,,no,no,0,0,0,no,Spell it: D I S H. dish.,energy,80,-20,20,,,,,51e601f0ea6e770e08299e9642333b2a10fa39c93d922b8186ed144512754a2c
fish,6,yes,perfect,owner perfect fish_5 [CSP1]; strategy CS07 carrier_spell_CS07,CARRIER-SPELL-PHASE1 / 2026-08-06,clip,af_heart,en-us,0.82,80,300,10,,no,no,0,0,0,no,fish is spelled F-I-S-H. fish.,energy,80,-20,20,,,,,3de2ba0f8d05b9607279dd4932c22274a7658ddc8b402c3b210a1bfae026d126
hush,6,yes,perfect,owner perfect hush_9 [UP1]; family baseline,UPLIFT-EXPERIMENT-1 / 2026-08-06,clip,af_heart,en-us,0.82,80,300,10,,no,no,0,0,0,no,"Here is the word, hush.",asr,,,,1.033,1.72,30,40,58bb6aee40d29d2e32eb4c9450a3f29aa4e1a2459b1a35cf765b45b64348d8d0
mash,6,yes,perfect,perfect,26,round26 mash_1 (comma_asr_g30_40),af_heart,en-us,0.82,80,300,10,,no,no,0,0,0,no,"Here is the word, mash.",asr,,,,0.927,1.62,30,40,683c3f98f04efe371c8634b7b7d17d76e7f21bf41b59e8d87889226ae6f0d937
much,6,yes,perfect,owner perfect much_4 [US6]; family spell_speed1; spell_speed1 (CS00 text @ speed 1.0),UPLIFT-SWEEP-6 / 2026-08-07,clip,af_heart,en-us,1.0,80,300,10,,no,no,0,0,0,no,Spell it: M U C H. much.,energy,80,-20,20,,,,,8a2da8f6dba9b277fed20fcde781a7b021bf3ad365a25d3bacdb02602ab63a1e
mush,6,yes,perfect,perfect,27,round27 mush_1 (comma_asr_g30_40),af_heart,en-us,0.82,80,300,10,,no,no,0,0,0,no,"Here is the word, mush.",asr,,,,0.948,1.6,30,40,ae4b5e0ab4517d8af4367658c578f0c458240d2f1b65313d4a1deb7bc58111f8
push,6,yes,perfect,owner perfect push_1 [US6]; family spell_speed1; spell_speed1 (CS00 text @ speed 1.0),UPLIFT-SWEEP-6 / 2026-08-07,clip,af_heart,en-us,1.0,80,300,10,,no,no,0,0,0,no,Spell it: P U S H. push.,energy,80,-20,20,,,,,59d62d1d284574dca8c7c4a05adee5dd0d1a03b46d6d9ed17adc76e02ce82b31
rash,6,yes,perfect,owner perfect rash_2 [US6]; family carrier_listen_em; Listen—{word}. energy cut,UPLIFT-SWEEP-6 / 2026-08-07,clip,af_heart,en-us,0.82,80,300,10,,no,no,0,0,0,no,Listen—rash.,energy,80,-20,20,,,,,1d417b9f2b2ee3b1f2822e6d494e24d6316280ee13cec30060db44cb32b54f6b
rich,6,yes,perfect,owner perfect rich_3 [UH11]; family baseline; baseline current_csv_rebake (knobs unchanged; pin from listen),UPLIFT-HARD-11 / 2026-08-07,clip,af_heart,en-us,0.8,80,300,10,,yes,no,0,0,0,no,,none,,,,,,,,a4e82b0cb40be8bf241911a48fdc66ce1743f68e697e5404219f64a9e13d0cda
rush,6,yes,perfect,owner perfect rush_3 [US6]; family spell_speed1; spell_speed1 (CS00 text @ speed 1.0),UPLIFT-SWEEP-6 / 2026-08-07,clip,af_heart,en-us,1.0,80,300,10,,no,no,0,0,0,no,Spell it: R U S H. rush.,energy,80,-20,20,,,,,f3b8c76d1d9e643059fb0bce81257b61f8bd57c31f02a50a662db37e86bc4390
sash,6,yes,perfect,owner perfect sash_6 [US6]; family carrier_spell_CS00; spell control CS00 (rollup → carrier_spell),UPLIFT-SWEEP-6 / 2026-08-07,clip,af_heart,en-us,0.82,80,300,10,,no,no,0,0,0,no,Spell it: S A S H. sash.,energy,80,-20,20,,,,,ec387c17e79bd93147ee9254146a8d28f1e8935362288c826f1a0252352c581d
she,6,yes,perfect,owner perfect she_6 [UH2]; family baseline; baseline control — recipe knobs unchanged except verdict+pin; owner typed pefect → perfect,UPLIFT-HARD-2 / 2026-08-06,clip,af_heart,en-us,0.82,80,300,10,,no,no,0,0,0,no,"Here is the word, she.",asr,,,,0.863,1.56,30,40,e18b3a7c9341f4504070e9203a6be470f90b6a82711cdc1c59e040a6a17d6439
shed,6,yes,perfect,owner perfect shed_4 [US6]; family spell_speed1; spell_speed1 (CS00 text @ speed 1.0),UPLIFT-SWEEP-6 / 2026-08-07,clip,af_heart,en-us,1.0,80,300,10,,no,no,0,0,0,no,Spell it: S H E D. shed.,energy,80,-20,20,,,,,d36a926a41c4b8ef1ec655abf86ebb7dbc692148d4cef42c3e362ee224af84d1
shin,6,yes,perfect,owner perfect shin_6 [US2]; family carrier_spell_CS00; spell control CS00 (rollup → carrier_spell),UPLIFT-SWEEP-2 / 2026-08-06,clip,af_heart,en-us,0.82,80,300,10,,no,no,0,0,0,no,Spell it: S H I N. shin.,energy,80,-20,20,,,,,0fce72b654cb60aff68fc18e7e8dbfabe88c72571707d73051046e2d7cd0ac85
ship,6,yes,perfect,owner perfect ship_1 [UT1]; family carrier_spell_CS00; spell control CS00 (rollup → carrier_spell),UPLIFT-TONE-1 / 2026-08-06,clip,af_heart,en-us,0.82,80,300,10,,no,no,0,0,0,no,Spell it: S H I P. ship.,energy,80,-20,20,,,,,9db7d712b7bd86b4e5fa74f999a5b31901e7ddd28917843409a1c1535ef877eb
shop,6,yes,perfect,owner perfect shop_6 [UP3]; family carrier_spell,UPLIFT-EXPERIMENT-3 / 2026-08-06,clip,af_heart,en-us,0.82,80,300,10,,no,no,0,0,0,no,Spell it: S H O P. shop.,energy,80,-20,20,,,,,43d1eb92cd5d9bae96656adcbb76c196198db515e59e8b9dfde13d38a68eeda4
shut,6,yes,perfect,owner perfect shut_2 [UH1]; family foil_not_shot; foil Not shot—shut.; cut=second_island; CSV mode energy + pin; cut=second_island; CSV mode energy + pin,UPLIFT-HARD-1 / 2026-08-06,clip,af_heart,en-us,0.82,80,300,10,,no,no,0,0,0,no,Not shot—shut.,energy,80,-20,20,,,,,f0f5195b7b9451d563891db6e08315fff884c0283291a8f6cb6a6ddf4915e3c5
such,6,yes,perfect,owner perfect such_3 [UH7]; family spell_speed1; spell_speed1 (CS00 text @ speed 1.0),UPLIFT-HARD-7 / 2026-08-07,clip,af_heart,en-us,1.0,80,300,10,,no,no,0,0,0,no,Spell it: S U C H. such.,energy,80,-20,20,,,,,eba8ced0c8ce9bed4fe2f6a5480999f2c3af02d07dcadabd3d290ae636f39fa5
wash,6,yes,perfect,owner perfect wash_2 [UT1]; family baseline; baseline control — recipe unchanged except verdict+pin,UPLIFT-TONE-1 / 2026-08-06,clip,af_heart,en-us,0.82,80,300,10,,no,no,0,0,0,no,"Here is the word, wash.",asr,,,,1.033,1.78,30,40,94f9b37601c3a7ed4001b92bd6889153dcf94610591cd61dfdfc5ed96789ce5e
wish,6,yes,perfect,owner perfect wish_6 [UP3]; family baseline,UPLIFT-EXPERIMENT-3 / 2026-08-06,clip,af_heart,en-us,0.82,80,300,10,,no,no,0,0,0,no,"Here it is, wish.",asr,,,,0.756,1.28,30,40,12f5285bae6e837006ec1b3c5a4c6e550e8732f26fe65702d4e9c1b45096c9d5
back,7,yes,perfect,perfect,28,round28 back_1 (comma_asr_g30_40),af_heart,en-us,0.82,80,300,10,,no,no,0,0,0,no,"Here is the word, back.",asr,,,,0.969,1.58,30,40,b6cc441abb376c0c49f86541ebd271867d97547dfd51abb22a6b17c88134a0cf
bath,7,yes,perfect,owner perfect bath_6 [UP2]; family carrier_spell,UPLIFT-EXPERIMENT-2 / 2026-08-06,clip,af_heart,en-us,0.82,80,300,10,,no,no,0,0,0,no,Spell it: B A T H. bath.,energy,80,-20,20,,,,,6d8a220fa107b2c7de29814c21758c358cdcb7ef7fe0de66d1d7ee82c8f75550
buck,7,yes,perfect,owner perfect buck_5 [US4]; family carrier_listen_em; Listen—{word}. energy cut,UPLIFT-SWEEP-4 / 2026-08-07,clip,af_heart,en-us,0.82,80,300,10,,no,no,0,0,0,no,Listen—buck.,energy,80,-20,20,,,,,68ca206d68958a6040120d68b4fee7a224cc7921a77fe55f3758550f53f40622
deck,7,yes,perfect,owner perfect deck_7 [UP2]; family baseline,UPLIFT-EXPERIMENT-2 / 2026-08-06,clip,af_heart,en-us,0.82,80,300,10,,no,no,0,0,0,no,"Here is the word, deck.",asr,,,,0.927,1.64,30,40,dd85daf23694a99baf85fe5d036584dd5a9cb30ce689d317b335dd7917dc8975
dock,7,yes,perfect,perfect,28,round28 dock_3 (comma_asr_g30_40),af_heart,en-us,0.82,80,300,10,,no,no,0,0,0,no,"Here is the word, dock.",asr,,,,0.969,1.6,30,40,2904c35fee1214378269a107fd31e44789a306d5238c615d9218cde91195ace4
duck,7,yes,perfect,perfect,28,round28 duck_1 (comma_asr_g30_40),af_heart,en-us,0.82,80,300,10,,no,no,0,0,0,no,"Here is the word, duck.",asr,,,,0.948,1.66,30,40,b4953a5936322f665f4bc535ee8c79f3ec8a01bfbbe5544e801dda18b1a31e19
fang,7,yes,perfect,owner perfect fang_2 [UP3]; family carrier_listen_em; NEW family carrier_listen_em,UPLIFT-EXPERIMENT-3 / 2026-08-06,clip,af_heart,en-us,0.82,80,300,10,,no,no,0,0,0,no,Listen—fang.,energy,80,-20,20,,,,,c75051191ae9351f054b06c8034e4076936b26a7c06da0f94f82441798772d3f
gong,7,yes,perfect,perfect,29,round29 gong_3 (comma_asr_g30_40),af_heart,en-us,0.82,80,300,10,,no,no,0,0,0,no,"Here is the word, gong.",asr,,,,0.948,1.7,30,40,bb18b59d6663b818b942d91fc14b4e81e8d615855ef53d8e92802fbf01d2a512
hang,7,yes,perfect,owner perfect hang_2 [UP3]; family carrier_quoted,UPLIFT-EXPERIMENT-3 / 2026-08-06,clip,af_heart,en-us,0.82,80,300,10,,no,no,0,0,0,no,"The printed word is ""hang"".",energy,80,-20,20,,,,,68b57f996118d2ac6de8dfa8e2f43109d2fdc3504bca73fe8f0fc6cbaa61bfed
kick,7,yes,perfect,owner perfect kick_3 [UP2]; family carrier_phrase,UPLIFT-EXPERIMENT-2 / 2026-08-06,clip,af_heart,en-us,0.82,80,300,10,,no,no,0,0,0,no,"Listen, kick.",energy,80,-20,20,,,,,783e1931502782796872ed7cbbf03179902a89ddd7714c989db2bff431cb0c78
king,7,yes,perfect,owner perfect king_3 [UP3]; family baseline,UPLIFT-EXPERIMENT-3 / 2026-08-06,clip,af_heart,en-us,0.82,80,300,10,,no,no,0,0,0,no,"Here is the word, king.",asr,,,,0.969,1.6,30,40,d1f25f4574906ca1dcf57d47b1a61487f8122ae3ea2f539f37453acfecdd398d
lick,7,yes,perfect,owner perfect lick_2 [US1]; family spell_speed1; spell_speed1 (CS00 text @ speed 1.0),UPLIFT-SWEEP-1 / 2026-08-06,clip,af_heart,en-us,1.0,80,300,10,,no,no,0,0,0,no,Spell it: L I C K. lick.,energy,80,-20,20,,,,,34b123b56c95efc13d959188168aa0f93ccc8182abda64b74b5004cae92937b4
lock,7,yes,perfect,owner perfect lock_2 [US2]; family spell_speed1; spell_speed1 (CS00 text @ speed 1.0),UPLIFT-SWEEP-2 / 2026-08-06,clip,af_heart,en-us,1.0,80,300,10,,no,no,0,0,0,no,Spell it: L O C K. lock.,energy,80,-20,20,,,,,b2266b1e7d49a191b50456df91a5d9332ddb7b65a525338b78252cf125e249fc
long,7,yes,perfect,owner perfect long_8 [UT1]; family spell_speed1; NEW family spell_speed1 (CS00 text @ speed 1.0),UPLIFT-TONE-1 / 2026-08-06,clip,af_heart,en-us,1.0,80,300,10,,no,no,0,0,0,no,Spell it: L O N G. long.,energy,80,-20,20,,,,,3d3c5c6886d3da346d39c88e86cc886126a38351dd5d22cfa9b22318981cdebd
luck,7,yes,perfect,owner perfect luck_5 [US4]; family spell_speed1; spell_speed1 (CS00 text @ speed 1.0),UPLIFT-SWEEP-4 / 2026-08-07,clip,af_heart,en-us,1.0,80,300,10,,no,no,0,0,0,no,Spell it: L U C K. luck.,energy,80,-20,20,,,,,380ae11d1fa06594c31bac1e8611aa10c8a299f28e4f185da6babac9476fecfd
lung,7,yes,perfect,owner perfect lung_5 [UH6]; family soft_cue; soft_cue warmth; cut=second_island; CSV mode energy + pin,UPLIFT-HARD-6 / 2026-08-07,clip,af_heart,en-us,0.82,80,300,10,,no,no,0,0,0,no,Softly: lung.,energy,80,-20,20,,,,,2fe7cfdcd7d24a19a528d148d956e012bf3119d2d7c7039cf8f3dd85336b16f2
math,7,yes,perfect,owner perfect math_2 [US2]; family carrier_spell_CS00; spell control CS00 (rollup → carrier_spell),UPLIFT-SWEEP-2 / 2026-08-06,clip,af_heart,en-us,0.82,80,300,10,,no,no,0,0,0,no,Spell it: M A T H. math.,energy,80,-20,20,,,,,33dab58ba9af7aec780ea4973d5efda8c878f7ff0fa8218922576d6f51817092
moth,7,yes,perfect,perfect,29,round29 moth_2 (comma_asr_g30_40),af_heart,en-us,0.82,80,300,10,,no,no,0,0,0,no,"Here is the word, moth.",asr,,,,0.884,1.52,30,40,156e78ea307a9011895bad1351d9c783377247d00b02fcb54b1de0c27dbfa605
muck,7,yes,perfect,perfect,29,round29 muck_3 (comma_asr_g30_40),af_heart,en-us,0.82,80,300,10,,no,no,0,0,0,no,"Here is the word, muck.",asr,,,,0.948,1.58,30,40,9c65719294da99d922d3bb3cd6987f1bf77262a45349ef7771c0bb1c8d6973d8
neck,7,yes,perfect,owner perfect neck_5 [US4]; family spell_speed1; spell_speed1 (CS00 text @ speed 1.0),UPLIFT-SWEEP-4 / 2026-08-07,clip,af_heart,en-us,1.0,80,300,10,,no,no,0,0,0,no,Spell it: N E C K. neck.,energy,80,-20,20,,,,,481e2a2b3a1e8a259b9449d0679a6a78e4e5ca292d2aa37ce582f55c7eb731fb
pack,7,yes,perfect,owner perfect pack_2 [UP3]; family carrier_spell,UPLIFT-EXPERIMENT-3 / 2026-08-06,clip,af_heart,en-us,0.82,80,300,10,,no,no,0,0,0,no,Spell it: P A C K. pack.,energy,80,-20,20,,,,,2eedaef2ba0f4073a51fc3aa9fd96369ddc67d022532d888f0f4cb449c5d68b9
path,7,yes,perfect,owner perfect path_5 [US5]; family spell_speed1; spell_speed1 (CS00 text @ speed 1.0),UPLIFT-SWEEP-5 / 2026-08-07,clip,af_heart,en-us,1.0,80,300,10,,no,no,0,0,0,no,Spell it: P A T H. path.,energy,80,-20,20,,,,,cf46e7eb6450d981a485e0b24379c8979955e11d39530287c3825ecabd5fc977
peck,7,yes,perfect,owner perfect peck_2 [UP0]; family baseline,UPLIFT-EXPERIMENT-0 / 2026-08-06,clip,af_heart,en-us,0.82,80,300,10,,no,no,0,0,0,no,"Here is the word, peck.",asr,,,,0.991,1.76,30,40,d62e6699b2bac354f813fc83cbc3ce0505df55b5c20013b5549365e2534368b4
pick,7,yes,perfect,owner perfect pick_2 [US4]; family spell_speed1; spell_speed1 (CS00 text @ speed 1.0),UPLIFT-SWEEP-4 / 2026-08-07,clip,af_heart,en-us,1.0,80,300,10,,no,no,0,0,0,no,Spell it: P I C K. pick.,energy,80,-20,20,,,,,da1f112ebb748076d29409f8a924b946e134aaf7a146e69a47ccec8905d8c87e
puck,7,yes,perfect,owner perfect puck_2 [US2]; family spell_speed1; spell_speed1 (CS00 text @ speed 1.0),UPLIFT-SWEEP-2 / 2026-08-06,clip,af_heart,en-us,1.0,80,300,10,,no,no,0,0,0,no,Spell it: P U C K. puck.,energy,80,-20,20,,,,,700e8afe1313c6f8fb3823fbd82eadab2be1adef5673f1e416b7be5754a39460
rang,7,yes,perfect,perfect,29,round29 rang_3 (double_energy_120),af_heart,en-us,0.82,80,300,10,,no,no,0,0,0,no,rang. rang.,energy,120,-20,20,,,,,90b1f141ffb9fc63472ef6a5c06e6492d69e73d18fd32cdb6cc640589bb40391
ring,7,yes,perfect,owner perfect ring_8 [UP3]; family carrier_spell,UPLIFT-EXPERIMENT-3 / 2026-08-06,clip,af_heart,en-us,0.82,80,300,10,,no,no,0,0,0,no,Spell it: R I N G. ring.,energy,80,-20,20,,,,,996416c859466aac0bcce4ac1b75c03dbdb562c554d4a319b813d7f29840326c
rock,7,yes,perfect,perfect,30,round30 rock_2 (comma_asr_g30_40),af_heart,en-us,0.82,80,300,10,,no,no,0,0,0,no,"Here is the word, rock.",asr,,,,1.012,1.66,30,40,7de9304a9ebbd5dea93efb2f942035c5312cf1228009481833d2e3719d6a67d1
rung,7,yes,perfect,perfect,30,round30 rung_1 (here_it_is_asr_g30_40),af_heart,en-us,0.82,80,300,10,,no,no,0,0,0,no,"Here it is, rung.",asr,,,,0.756,1.297,30,40,c4512e2b7305dcd195195f9062e57716ad27d5ead9b31108083505f28edc7600
sack,7,yes,perfect,owner perfect sack_3 [US6]; family carrier_spell_CS00; spell control CS00 (rollup → carrier_spell),UPLIFT-SWEEP-6 / 2026-08-07,clip,af_heart,en-us,0.82,80,300,10,,no,no,0,0,0,no,Spell it: S A C K. sack.,energy,80,-20,20,,,,,360bb6057d28797b9d02aff245a5d7761a915836f8aa45a483cb5490e2d19fc8
sang,7,yes,perfect,owner perfect sang_1 [US1]; family carrier_quoted; quoted carrier,UPLIFT-SWEEP-1 / 2026-08-06,clip,af_heart,en-us,0.82,80,300,10,,no,no,0,0,0,no,"The printed word is ""sang"".",energy,80,-20,20,,,,,385f13e230049c67eefdf4d607da2e4bb6c8373e00f3b4009e28d7ea2bba2c1b
sick,7,yes,perfect,owner perfect sick_1 [US3]; family spell_speed1; spell_speed1 (CS00 text @ speed 1.0),UPLIFT-SWEEP-3 / 2026-08-06,clip,af_heart,en-us,1.0,80,300,10,,no,no,0,0,0,no,Spell it: S I C K. sick.,energy,80,-20,20,,,,,e12bf579db449ce116467e309d912f21ab8604cad3f0abaad7189ba633228a01
sing,7,yes,perfect,owner perfect sing_1 [UP0]; family carrier_spell,UPLIFT-EXPERIMENT-0 / 2026-08-06,clip,af_heart,en-us,0.82,80,300,10,,no,no,0,0,0,no,Spell it: S I N G. sing.,energy,80,-20,20,,,,,94696b07466287235461c08d9362f5f793314e7d1584d4aa958c062eab1993ea
sock,7,yes,perfect,owner perfect sock_6 [US6]; family spell_speed1; spell_speed1 (CS00 text @ speed 1.0),UPLIFT-SWEEP-6 / 2026-08-07,clip,af_heart,en-us,1.0,80,300,10,,no,no,0,0,0,no,Spell it: S O C K. sock.,energy,80,-20,20,,,,,7d128af921e077a04e1bdbc83c8d2b4631034e71f83b4af8198983d4947e5192
song,7,yes,perfect,perfect,30,round30 song_2 (double_energy_120),af_heart,en-us,0.82,80,300,10,,no,no,0,0,0,no,song. song.,energy,120,-20,20,,,,,6cab620d3144a5dba424dab4558915f0fbdaeaa7710b12699f8b6de214f51a5e
sung,7,yes,perfect,owner perfect sung_2 [UT1]; family spell_speed1; NEW family spell_speed1 (CS00 text @ speed 1.0),UPLIFT-TONE-1 / 2026-08-06,clip,af_heart,en-us,1.0,80,300,10,,no,no,0,0,0,no,Spell it: S U N G. sung.,energy,80,-20,20,,,,,7cf6937c7461fe84d811a46bc0292d645c5eac551cafaca1622b34faae67f81e
tack,7,yes,perfect,owner perfect tack_5 [US3]; family spell_speed1; spell_speed1 (CS00 text @ speed 1.0),UPLIFT-SWEEP-3 / 2026-08-06,clip,af_heart,en-us,1.0,80,300,10,,no,no,0,0,0,no,Spell it: T A C K. tack.,energy,80,-20,20,,,,,818d224d9b6a7a233aaebcb7c47e5b6ca7050c628c8adaabe0125ad3f86e2b05
that,7,yes,perfect,owner perfect that_8 [UT1]; family carrier_double_say; cut=second_island; CSV mode energy + pin,UPLIFT-TONE-1 / 2026-08-06,clip,af_heart,en-us,0.82,80,300,10,,no,no,0,0,0,no,that. that.,energy,80,-20,20,,,,,f0b0036dc7ec35395d3866b457f7d4ac49314cf174ed7f4d142ff57db1ff4c72
the,7,yes,perfect,owner perfect the_1 [UT1]; family spell_speed1; NEW family spell_speed1 (CS00 text @ speed 1.0),UPLIFT-TONE-1 / 2026-08-06,clip,af_heart,en-us,1.0,80,300,10,,no,no,0,0,0,no,Spell it: T H E. the.,energy,80,-20,20,,,,,df2b4d730f815e3648d0a82dc98b72f8f93336ebc1d62cfa517c931a9407d6e3
them,7,yes,perfect,owner perfect them_6 [US3]; family spell_speed1; spell_speed1 (CS00 text @ speed 1.0),UPLIFT-SWEEP-3 / 2026-08-06,clip,af_heart,en-us,1.0,80,300,10,,no,no,0,0,0,no,Spell it: T H E M. them.,energy,80,-20,20,,,,,4eabdf3fde6fa91ba2b81df3b3558cab8413a5ffe7c9118405ffb99be075916f
then,7,yes,perfect,owner perfect then_2 [US7]; family carrier_spell_CS00; spell control CS00 (rollup → carrier_spell),UPLIFT-SWEEP-7 / 2026-08-07,clip,af_heart,en-us,0.82,80,300,10,,no,no,0,0,0,no,Spell it: T H E N. then.,energy,80,-20,20,,,,,5bdb0b81a6ec4cd8963f7be272f35f55c67e6bb6cff140c1d03521ce63b4cb67
thin,7,yes,perfect,owner perfect thin_4 [UP0]; family carrier_spell,UPLIFT-EXPERIMENT-0 / 2026-08-06,clip,af_heart,en-us,0.82,80,300,10,,no,no,0,0,0,no,Spell it: T H I N. thin.,energy,80,-20,20,,,,,5e1716f4da2170f7cbe8af9e8e1ad3db84203212257c9b62e062658917fbe856
this,7,yes,perfect,owner perfect this_2 [UH1]; family baseline; baseline control — recipe knobs unchanged except verdict+pin,UPLIFT-HARD-1 / 2026-08-06,clip,af_heart,en-us,0.82,80,300,10,,no,no,0,0,0,no,this. this.,energy,120,-20,20,,,,,4ce18141616da42c1e33ce855d2f398a2fd3b6242e7b7920ba3c0046ef44659f
thud,7,yes,perfect,perfect,30,round30 thud_3 (comma_asr_g30_40),af_heart,en-us,0.82,80,300,10,,no,no,0,0,0,no,"Here is the word, thud.",asr,,,,1.055,1.8,30,40,b4478441a50f347294546ebf2388edc1bd9494be5267c9925773442b9621c0ef
tick,7,yes,perfect,owner perfect tick_4 [US3]; family baseline; baseline control — recipe unchanged except verdict+pin,UPLIFT-SWEEP-3 / 2026-08-06,clip,af_heart,en-us,0.82,80,300,10,,no,no,0,0,0,no,"Here is the word, tick.",asr,,,,0.927,1.64,30,40,2b2d4422e7baa041d240f21e50508e489f17270ba1c604d4ba95711b2338f017
tuck,7,yes,perfect,owner perfect tuck_5 [US4]; family spell_speed1; spell_speed1 (CS00 text @ speed 1.0),UPLIFT-SWEEP-4 / 2026-08-07,clip,af_heart,en-us,1.0,80,300,10,,no,no,0,0,0,no,Spell it: T U C K. tuck.,energy,80,-20,20,,,,,0ba0e331aea2260db64d66748c51d6a50df4874a90acd5cb0f4a236e8decf708
was,7,yes,perfect,perfect,25,round25 was_3 (comma_asr_g30_40),af_heart,en-us,0.82,80,300,10,,no,no,0,0,0,no,"Here is the word, was.",asr,,,,0.991,1.64,30,40,8fd1de18191dd7c65e131fe9b74ebbbdff44e2f07ee70bf554f8ac030ae656cd
what,7,yes,perfect,owner perfect what_1 [UP0]; family carrier_phrase,UPLIFT-EXPERIMENT-0 / 2026-08-06,clip,af_heart,en-us,0.82,80,300,10,,no,no,0,0,0,no,"Listen, what.",energy,80,-20,20,,,,,11e88f1b6f5af77a5c59c99803dc2adae77f7b8b3283500382b0a04506c12e1d
when,7,yes,perfect,owner perfect when_2 [US7]; family carrier_double_say; double_say second island; cut=second_island; CSV mode energy + pin,UPLIFT-SWEEP-7 / 2026-08-07,clip,af_heart,en-us,0.82,80,300,10,,no,no,0,0,0,no,when. when.,energy,80,-20,20,,,,,6eb2d01465101fccb4b8cb3f1dc6ae49e4927a0d2915a90e4d574b1d5f51760b
whip,7,yes,perfect,owner perfect whip_3 [UP1]; family carrier_spell,UPLIFT-EXPERIMENT-1 / 2026-08-06,clip,af_heart,en-us,0.82,80,300,10,,no,no,0,0,0,no,Spell it: W H I P. whip.,energy,80,-20,20,,,,,4041de161316312c32d90c5b02758085e5988d140eea7779ab092ab4345bdb43
wick,7,yes,perfect,owner perfect wick_5 [US7]; family spell_speed1; spell_speed1 (CS00 text @ speed 1.0),UPLIFT-SWEEP-7 / 2026-08-07,clip,af_heart,en-us,1.0,80,300,10,,no,no,0,0,0,no,Spell it: W I C K. wick.,energy,80,-20,20,,,,,56321c7c1cf8a1926df4db6b2174e78c45b8febf7f61d91d20961c927bf5f262
wing,7,yes,perfect,perfect,31,round31 wing_2 (comma_asr_g30_40),af_heart,en-us,0.82,80,300,10,,no,no,0,0,0,no,"Here is the word, wing.",asr,,,,0.969,1.6,30,40,0429fae06c70a5aeb5d55b482811b42c23bb46a1a0b8427a2f4e9b097def6aa2
with,7,yes,perfect,owner perfect with_6 [US7]; family carrier_spell_CS00; spell control CS00 (rollup → carrier_spell),UPLIFT-SWEEP-7 / 2026-08-07,clip,af_heart,en-us,0.82,80,300,10,,no,no,0,0,0,no,Spell it: W I T H. with.,energy,80,-20,20,,,,,780858e0bc76e9efa6b3dbed60fa678c4745b55a3011b179b47632776a0cda09
pat,2,yes,perfect,"accept, perfect","round 15, 2026-08-04",clip,af_heart,en-us,0.82,80,300,10,,no,no,0,0,0,no,"Here is the word, pat.",energy,120,-20,20,,,,,6a9f03c334172702465b26d07dc3b48488f65d6595c3e4e61b62e002f0daacf4
dam,2,yes,perfect,"accept, perfect","round 15, 2026-08-04",clip,af_heart,en-us,0.82,80,300,10,,no,no,0,0,0,no,"Here is the word, dam.",energy,120,-20,20,,,,,6f87e90b2e5b839dd96216db0cb61fa18aac359524810f0a22a1e2cf8cb382c3
nag,2,yes,perfect,"accept, perfect","round 15, 2026-08-04",clip,af_heart,en-us,0.85,80,300,10,,no,no,0,0,0,no,,none,,,,,,,,76bfbf3de037bc125f677884e7af693177c7ce862eeace3326d2fe2004fc5a32
sap,2,yes,perfect,owner perfect sap_3 [UH10]; family foil_not_lap; foil_not_lap; cut=second_island; CSV mode energy + pin,UPLIFT-HARD-10 / 2026-08-07,clip,af_heart,en-us,0.82,80,300,10,,no,no,0,0,0,no,Not lap—sap.,energy,80,-20,20,,,,,84e22cae4cb0ad377bfd4d619e9a7841286dbb1da155f7f162d0ded665fc4232
vat,2,yes,perfect,"accept, perfect","round 15, 2026-08-04",clip,af_heart,en-us,0.82,80,300,10,,no,no,0,0,0,no,"Here is the word, vat.",energy,120,-20,20,,,,,8084074390dcb0815542543253c5c44f66d64fc4bd87183a9a3adfedd123ee15
tin,3,yes,perfect,"accept, perfect","round 15, 2026-08-04",clip,af_heart,en-us,0.82,80,300,10,,no,no,0,0,0,no,"Here is the word, tin.",energy,120,-20,20,,,,,2b3ed4732291b437130dbae5b136c2cbbc4463449bb953f9e63bc084dfa487d1
rig,3,yes,perfect,owner perfect rig_6 [US1]; family spell_speed1; spell_speed1 (CS00 text @ speed 1.0),UPLIFT-SWEEP-1 / 2026-08-06,clip,af_heart,en-us,1.0,80,300,10,,no,no,0,0,0,no,Spell it: R I G. rig.,energy,80,-20,20,,,,,49637e972a4dc43f37412e9b8c1a9f870db58fa5909d469104f3c67b8e0536f8
rob,3,yes,perfect,owner perfect rob_2 [UT1]; family carrier_double_say; cut=second_island; CSV mode energy + pin,UPLIFT-TONE-1 / 2026-08-06,clip,af_heart,en-us,0.82,80,300,10,,no,no,0,0,0,no,rob. rob.,energy,80,-20,20,,,,,ccae4697bc37f6335ff4d8d2e6845bc81bec7e58c92b6fd21779cc4d17b25908
sob,3,yes,perfect,owner perfect sob_1 [US5]; family spell_speed1; spell_speed1 (CS00 text @ speed 1.0),UPLIFT-SWEEP-5 / 2026-08-07,clip,af_heart,en-us,1.0,80,300,10,,no,no,0,0,0,no,Spell it: S O B. sob.,energy,80,-20,20,,,,,26d4ebb3f64e5dfdc8020e29ee0c91fac8ad49ac4174f22a606c8099826c1e05
mob,3,yes,perfect,owner perfect mob_6 [US1]; family spell_speed1; spell_speed1 (CS00 text @ speed 1.0),UPLIFT-SWEEP-1 / 2026-08-06,clip,af_heart,en-us,1.0,80,300,10,,no,no,0,0,0,no,Spell it: M O B. mob.,energy,80,-20,20,,,,,0b89f320296e1ff3cb612fa20f04a6ab486ac4934f205866b832a8a9953fd917
cop,3,yes,perfect,owner perfect cop_4 [UP0]; family carrier_spell,UPLIFT-EXPERIMENT-0 / 2026-08-06,clip,af_heart,en-us,0.82,80,300,10,,no,no,0,0,0,no,Spell it: C O P. cop.,energy,80,-20,20,,,,,a20dfba4b715850d1d4dfc40667a23a953696019c6123aed243a43c9c6a77be2
dim,3,yes,perfect,"accept, perfect","round 15, 2026-08-04",clip,af_heart,en-us,0.82,80,300,10,,no,no,0,0,0,no,"Here is the word, dim.",energy,120,-20,20,,,,,e6c2dea960a0e55d902233a0cf460e00b261e4fe608cf9f8791e24605d1bc6c7
bet,4,yes,perfect,perfect,25,round25 bet_2 (comma_asr_g30_40),af_heart,en-us,0.82,80,300,10,,no,no,0,0,0,no,"Here is the word, bet.",asr,,,,1.055,1.7,30,40,f4229747280fb14e828eb1a3c8ce12b72be93b21b11ba8bb89fc02854914a266
keg,4,yes,perfect,owner perfect keg_4 [US5]; family spell_speed1; spell_speed1 (CS00 text @ speed 1.0),UPLIFT-SWEEP-5 / 2026-08-07,clip,af_heart,en-us,1.0,80,300,10,,no,no,0,0,0,no,Spell it: K E G. keg.,energy,80,-20,20,,,,,9059fd10aa16f57ba5a2b216eb499e4a5dd848905c738c45561d20cf3063abc9
hem,4,yes,perfect,owner perfect hem_5 [UH1]; family spell_speed1; spell_speed1 (CS00 text @ speed 1.0),UPLIFT-HARD-1 / 2026-08-06,clip,af_heart,en-us,1.0,80,300,10,,no,no,0,0,0,no,Spell it: H E M. hem.,energy,80,-20,20,,,,,fbcf35af0fd3fa738e4a0c302ac2ac9fd32e981cd1ac83beae77ffb3661a9858
nun,4,yes,perfect,owner perfect nun_7 [UH6]; family spell_speed1; spell_speed1 (CS00 text @ speed 1.0),UPLIFT-HARD-6 / 2026-08-07,clip,af_heart,en-us,1.0,80,300,10,,no,no,0,0,0,no,Spell it: N U N. nun.,energy,80,-20,20,,,,,668f9ba95dc487aa586ef6ef15fde6124f0d12e7b0894de9bd2891984a557ec2
pun,4,yes,perfect,perfect,25,round25 pun_3 (comma_asr_g30_40),af_heart,en-us,0.82,80,300,10,,no,no,0,0,0,no,"Here is the word, pun.",asr,,,,0.927,1.62,30,40,aace925f55a6149fc34544ec8d4eb450db46b236289bb0d1c023c5a740b0328b
jut,4,yes,perfect,owner perfect jut_3 [US5]; family spell_speed1; spell_speed1 (CS00 text @ speed 1.0),UPLIFT-SWEEP-5 / 2026-08-07,clip,af_heart,en-us,1.0,80,300,10,,no,no,0,0,0,no,Spell it: J U T. jut.,energy,80,-20,20,,,,,ceee896e630830bcaf74d7b52647196aebec2c5829e1a08db51c97f31434e52c
gut,4,yes,perfect,owner perfect gut_3 [US5]; family spell_speed1; spell_speed1 (CS00 text @ speed 1.0),UPLIFT-SWEEP-5 / 2026-08-07,clip,af_heart,en-us,1.0,80,300,10,,no,no,0,0,0,no,Spell it: G U T. gut.,energy,80,-20,20,,,,,9ca477876141444709061a153b127f61fa1b40e22e7737d11d11270476750c5f
hub,4,yes,perfect,owner perfect hub_6 [UH8]; family spell_speed1; spell_speed1 (CS00 text @ speed 1.0),UPLIFT-HARD-8 / 2026-08-07,clip,af_heart,en-us,1.0,80,300,10,,no,no,0,0,0,no,Spell it: H U B. hub.,energy,80,-20,20,,,,,9b7bc8a05fd1af3378485e1f597f59374f79c1a55b37d272a3e5e7411e4ad260
fax,5,yes,perfect,owner perfect fax_7 [UH6]; family baseline; baseline control — recipe unchanged except verdict+pin,UPLIFT-HARD-6 / 2026-08-07,clip,af_heart,en-us,0.82,80,300,10,,no,no,0,0,0,no,"Here it is, fax.",asr,,,,0.735,1.26,30,40,358bb0bd2cbfd8026887f78e27e6f98879f90ece59748831b09da4ccd0f389cf
nix,5,yes,perfect,owner perfect nix_13 [UH11]; family baseline; baseline current_csv_rebake (knobs unchanged; pin from listen),UPLIFT-HARD-11 / 2026-08-07,clip,af_heart,en-us,0.82,220,300,10,,no,no,0,0,0,no,,none,,,,,,,,59de024a04279d02ed756ac160d190763861620c714ac363afd80528c443b8e0
vex,5,yes,perfect,owner perfect vex_2 [UH1]; family baseline; baseline control — recipe knobs unchanged except verdict+pin; OVERLAP RESOLVED: HARD-1 vex_2 bytes IDENTICAL to US1/SWEEP-1 pin b6f285e992baca99… — keep US1 lock; no recipe change,UPLIFT-SWEEP-1 + UPLIFT-HARD-1 confirm / 2026-08-06,clip,af_heart,en-us,0.82,80,300,10,,no,no,0,0,0,no,"Here is the word, vex.",asr,,,,0.969,1.74,30,40,b6f285e992baca991755daac38c34c375ed45f0c549a948ad5b23b3034723fd7
sax,5,yes,perfect,owner perfect sax_4 [UH6]; family baseline; baseline control — recipe unchanged except verdict+pin,UPLIFT-HARD-6 / 2026-08-07,clip,af_heart,en-us,0.82,80,300,10,,no,no,0,0,0,no,"Here it is, sax.",asr,,,,0.777,1.44,30,40,793c7939975e9f8eee7021ebcfdd8f966148ca49f72bd104b58ae3d3ce723146
cod,5,yes,perfect,owner perfect cod_7 [UP2]; family carrier_spell,UPLIFT-EXPERIMENT-2 / 2026-08-06,clip,af_heart,en-us,0.82,80,300,10,,no,no,0,0,0,no,Spell it: C O D. cod.,energy,80,-20,20,,,,,83ce9c436831920c18e8238df9c9326989d8e5dc54918a433617d624943c6ac8
bash,6,yes,perfect,perfect,31,round31 bash_3 (comma_asr_g30_40),af_heart,en-us,0.82,80,300,10,,no,no,0,0,0,no,"Here is the word, bash.",asr,,,,0.991,1.72,30,40,8309f292b2fe4c47cfdd1c162f9737f0c7a6ec4ddfdf18e90c1803f53c1115ed
gash,6,yes,perfect,owner perfect gash_3 [US5]; family carrier_listen_em; Listen—{word}. energy cut,UPLIFT-SWEEP-5 / 2026-08-07,clip,af_heart,en-us,0.82,80,300,10,,no,no,0,0,0,no,Listen—gash.,energy,80,-20,20,,,,,a2164ddef074c906a13a0324303ea40377599b41cc60092d58a980f1c8fcb3b1
gush,6,yes,perfect,owner perfect gush_1 [US5]; family spell_speed1; spell_speed1 (CS00 text @ speed 1.0),UPLIFT-SWEEP-5 / 2026-08-07,clip,af_heart,en-us,1.0,80,300,10,,no,no,0,0,0,no,Spell it: G U S H. gush.,energy,80,-20,20,,,,,397eaa85b43cf706de355c380e23d0df09217e4a84dd73f128ad4bfd51e0830b
lash,6,yes,perfect,owner perfect lash_4 [US5]; family baseline; baseline control — recipe unchanged except verdict+pin,UPLIFT-SWEEP-5 / 2026-08-07,clip,af_heart,en-us,0.82,80,300,10,,no,no,0,0,0,no,"Here is the word, lash.",asr,,,,0.969,1.78,30,40,9e74052384931d600c158f960719ff11a12f3b4cda7ae1f62243cb5ff4bc69a9
lush,6,yes,perfect,owner perfect lush_6 [US7]; family spell_speed1; spell_speed1 (CS00 text @ speed 1.0),UPLIFT-SWEEP-7 / 2026-08-07,clip,af_heart,en-us,1.0,80,300,10,,no,no,0,0,0,no,Spell it: L U S H. lush.,energy,80,-20,20,,,,,c346b1819b96973ff42c54d4aed2c92f17e16779b62ed7219a62cdbc6e9a335d
posh,6,yes,perfect,perfect,32,round32 posh_1 (comma_asr_g30_40),af_heart,en-us,0.82,80,300,10,,no,no,0,0,0,no,"Here is the word, posh.",asr,,,,0.948,1.72,30,40,7dfc02d741dbd30ae223c981f0b78a4fcc8c725f8d4c6b872acbdc047676b014
sham,6,yes,perfect,owner perfect sham_5 [US8]; family baseline; baseline control — recipe unchanged except verdict+pin,UPLIFT-SWEEP-8 / 2026-08-07,clip,af_heart,en-us,0.82,80,300,10,,no,no,0,0,0,no,"Here is the word, sham.",asr,,,,0.969,1.6,30,40,35de7eeed34adaf301270d56f869f3bee970fea6459b744b840f2f5d769ba5e7
shun,6,yes,perfect,owner perfect shun_6 [US7]; family spell_speed1; spell_speed1 (CS00 text @ speed 1.0),UPLIFT-SWEEP-7 / 2026-08-07,clip,af_heart,en-us,1.0,80,300,10,,no,no,0,0,0,no,Spell it: S H U N. shun.,energy,80,-20,20,,,,,4ad30a903e850f16828a35933d8c24a6022c2cddd8d4883816dfe9e023aaa1eb
whim,7,yes,perfect,perfect,32,round32 whim_2 (comma_asr_g30_40),af_heart,en-us,0.82,80,300,10,,no,no,0,0,0,no,"Here is the word, whim.",asr,,,,1.033,1.7,30,40,1d87c1f0a8de1d401d8e9e4c7da37c72233fa870cdb996a6e99a9499bf144027
wham,7,yes,perfect,perfect,33,round33 wham_2 (double_energy_120),af_heart,en-us,0.82,80,300,10,,no,no,0,0,0,no,wham. wham.,energy,120,-20,20,,,,,6a15d6993e91704d7654546303f6b25ebff1e1a8a008dae4acf0eb9fd84aa4a9
bang,7,yes,perfect,owner perfect bang_7 [UP1]; family carrier_phrase,UPLIFT-EXPERIMENT-1 / 2026-08-06,clip,af_heart,en-us,0.82,80,300,10,,no,no,0,0,0,no,"Listen, bang.",energy,80,-20,20,,,,,8c8cf6c5305b328bc5809c40c2f0526fe800b78a7e2eced47ceb59b254574de7
hung,7,yes,perfect,owner perfect hung_8 [UT1]; family spell_speed1; NEW family spell_speed1 (CS00 text @ speed 1.0),UPLIFT-TONE-1 / 2026-08-06,clip,af_heart,en-us,1.0,80,300,10,,no,no,0,0,0,no,Spell it: H U N G. hung.,energy,80,-20,20,,,,,f0debb301fa1381670a3a44a96d8d6ba4c5065f0d8c3e0e7afb8decd1714f608
ding,7,yes,perfect,perfect,33,round33 ding_1 (comma_asr_g30_40),af_heart,en-us,0.82,80,300,10,,no,no,0,0,0,no,"Here is the word, ding.",asr,,,,0.969,1.62,30,40,501c5aa6e5f8f6e9a64deec66cde4fe76d886f98a5d56ba68eb2f5f5ed44d191
ping,7,yes,perfect,owner perfect ping_2 [UH8]; family spell_speed1; spell_speed1 (CS00 text @ speed 1.0),UPLIFT-HARD-8 / 2026-08-07,clip,af_heart,en-us,1.0,80,300,10,,no,no,0,0,0,no,Spell it: P I N G. ping.,energy,80,-20,20,,,,,098bbbd2bd5c039a815762040cc68bf47fe4b8aac40f0b950e47e98ac59bdb5d
bell,8,yes,perfect,perfect,34,round34 bell_2 (comma_asr_g30_40),af_heart,en-us,0.82,80,300,10,,no,no,0,0,0,no,"Here is the word, bell.",asr,,,,0.991,1.62,30,40,336902754e7c7f733b10c9072692d657d13f5bd984a475d258e87e784dd0e96e
tell,8,yes,perfect,perfect,34,round34 tell_2 (comma_asr_g30_40),af_heart,en-us,0.82,80,300,10,,no,no,0,0,0,no,"Here is the word, tell.",asr,,,,0.905,1.5,30,40,23a4d54c05a6c404f8c6f032b3a31400282dcea49d50ceb3070496806f6b8718
well,8,yes,perfect,perfect,34,round34 well_2 (here_it_is_asr_g30_40),af_heart,en-us,0.82,80,300,10,,no,no,0,0,0,no,"Here it is, well.",asr,,,,0.735,1.26,30,40,78ccb535535f153d92d8bd98d93736ea0af16f1d2f3161881ca07f0add659028
fell,8,yes,perfect,owner perfect fell_1 [US1]; family carrier_double_say; double_say second island; cut=second_island; CSV mode energy + pin,UPLIFT-SWEEP-1 / 2026-08-06,clip,af_heart,en-us,0.82,80,300,10,,no,no,0,0,0,no,fell. fell.,energy,80,-20,20,,,,,7bd8ecc945b3e0a366db27a6acca5b65e778b22611199c57c561f52f745e4071
hill,8,yes,perfect,owner perfect hill_1 [US2]; family spell_speed1; spell_speed1 (CS00 text @ speed 1.0),UPLIFT-SWEEP-2 / 2026-08-06,clip,af_heart,en-us,1.0,80,300,10,,no,no,0,0,0,no,Spell it: H I L L. hill.,energy,80,-20,20,,,,,70763c908ac079596ea0badb1d4d4fc4df497bdab3dd2dcedb0ba77aa4a8c2f8
mill,8,yes,perfect,owner perfect mill_6 [UH6]; family baseline; baseline control — recipe unchanged except verdict+pin,UPLIFT-HARD-6 / 2026-08-07,clip,af_heart,en-us,0.82,80,300,10,,no,no,0,0,0,no,mill. mill.,energy,120,-20,20,,,,,0e4866862803393864058b625534ad72c6474270cb6715dd0424895c88d65de3
doll,8,yes,perfect,owner perfect doll_1 [UH7]; family soft_cue; soft_cue warmth; cut=second_island; CSV mode energy + pin,UPLIFT-HARD-7 / 2026-08-07,clip,af_heart,en-us,0.82,80,300,10,,no,no,0,0,0,no,Softly: doll.,energy,80,-20,20,,,,,95e02afee147b71f54c2eba65933f5ec385fcced3649bfb1b9a84183e7832406
mess,8,yes,perfect,owner perfect mess_4 [US2]; family baseline; baseline control — recipe unchanged except verdict+pin,UPLIFT-SWEEP-2 / 2026-08-06,clip,af_heart,en-us,0.82,80,300,10,,no,no,0,0,0,no,"Here is the word, mess.",asr,,,,0.948,1.6,30,40,8f81879494203680f76a4a7ee70693ad032d65eb4ec9452b290b897fc8c9e5bc
boss,8,yes,perfect,perfect,34,round34 boss_3 (comma_asr_g30_40),af_heart,en-us,0.82,80,300,10,,no,no,0,0,0,no,"Here is the word, boss.",asr,,,,0.969,1.56,30,40,36936290db6316888157003d090791a1ba3fbfb48a4c4ad64e2aab851434ce72
kiss,8,yes,perfect,owner perfect kiss_5 [US2]; family baseline; baseline control — recipe unchanged except verdict+pin,UPLIFT-SWEEP-2 / 2026-08-06,clip,af_heart,en-us,0.82,80,300,10,,no,no,0,0,0,no,"Here is the word, kiss.",asr,,,,0.948,1.68,30,40,070373587cd4300fc3bb1239ad9ed6337efdb6ed94c38c5f012fb76940448d0d
miss,8,yes,perfect,owner accept miss_3 perfect [R36],36 / 2026-08-05,clip,af_heart,en-us,0.82,80,300,10,,no,no,0,0,0,no,Say miss.,energy,200,-20,20,,,,,5fd1d315c12c622b3c661bd82e99f83f254c25f572bc620a12562be122d5a09e
loss,8,yes,perfect,owner perfect loss_5 [US2]; family spell_speed1; spell_speed1 (CS00 text @ speed 1.0),UPLIFT-SWEEP-2 / 2026-08-06,clip,af_heart,en-us,1.0,80,300,10,,no,no,0,0,0,no,Spell it: L O S S. loss.,energy,80,-20,20,,,,,a55ea5a533f7cb78f485f63e1448e60fdc0400be34395a5ae1242e80cfe6d23d
fuss,8,yes,perfect,owner perfect fuss_6 [US7]; family carrier_listen_em; Listen—{word}. energy cut,UPLIFT-SWEEP-7 / 2026-08-07,clip,af_heart,en-us,0.82,80,300,10,,no,no,0,0,0,no,Listen—fuss.,energy,80,-20,20,,,,,9dcdb5c9c1e32e9f2dc3a258e62257096130e9b897a8a79676d663e6a36c56db
huff,8,yes,perfect,owner perfect huff_1 [US7]; family spell_speed1; spell_speed1 (CS00 text @ speed 1.0),UPLIFT-SWEEP-7 / 2026-08-07,clip,af_heart,en-us,1.0,80,300,10,,no,no,0,0,0,no,Spell it: H U F F. huff.,energy,80,-20,20,,,,,b0b6644ffb9338353b826faef76e049c2202a7784fb457e023a8c5f0677476ef
puff,8,yes,perfect,owner perfect puff_2 [US1]; family spell_speed1; spell_speed1 (CS00 text @ speed 1.0),UPLIFT-SWEEP-1 / 2026-08-06,clip,af_heart,en-us,1.0,80,300,10,,no,no,0,0,0,no,Spell it: P U F F. puff.,energy,80,-20,20,,,,,973b09e6619ea69fbc67edaaca052b671221a260c78e62acdf75dbd40e09dada
cuff,8,yes,perfect,owner perfect cuff_3 [UP2]; family baseline,UPLIFT-EXPERIMENT-2 / 2026-08-06,clip,af_heart,en-us,0.82,80,300,10,,no,no,0,0,0,no,"Here is the word, cuff.",asr,,,,0.969,1.64,30,40,0946897c9c2a43301ec57e335e80b806e97ce3edf2a2e5506f49bb8d384721cb
buzz,8,yes,perfect,owner perfect buzz_2 [US1]; family spell_speed1; spell_speed1 (CS00 text @ speed 1.0),UPLIFT-SWEEP-1 / 2026-08-06,clip,af_heart,en-us,1.0,80,300,10,,no,no,0,0,0,no,Spell it: B U Z Z. buzz.,energy,80,-20,20,,,,,60492ddc4ff72e7e8c13e5753f9f9c8a18d6124f9d0a8ec31d39c53e732b92c0
fuzz,8,yes,perfect,owner perfect fuzz_3 [US2]; family spell_speed1; spell_speed1 (CS00 text @ speed 1.0); owner typed pefect → perfect,UPLIFT-SWEEP-2 / 2026-08-06,clip,af_heart,en-us,1.0,80,300,10,,no,no,0,0,0,no,Spell it: F U Z Z. fuzz.,energy,80,-20,20,,,,,7819500932fd8defb8fe966afa7fa6356033c66d183c53d49823e766a3d1dbd2
jazz,8,yes,perfect,owner perfect jazz_2 [US2]; family spell_speed1; spell_speed1 (CS00 text @ speed 1.0),UPLIFT-SWEEP-2 / 2026-08-06,clip,af_heart,en-us,1.0,80,300,10,,no,no,0,0,0,no,Spell it: J A Z Z. jazz.,energy,80,-20,20,,,,,5e954c3622dd5ed4832e13ae9c6422d37f486d9fbbc339d63ea12605789dc076
fizz,8,yes,perfect,owner perfect fizz_2 [US5]; family spell_speed1; spell_speed1 (CS00 text @ speed 1.0),UPLIFT-SWEEP-5 / 2026-08-07,clip,af_heart,en-us,1.0,80,300,10,,no,no,0,0,0,no,Spell it: F I Z Z. fizz.,energy,80,-20,20,,,,,ecea642a234d45d5ec7e8e1f46b74dfaf93f9f87ae15e6ce3b93750b1eb03dc9
quiz,8,yes,perfect,owner perfect quiz_3 [US2]; family spell_speed1; spell_speed1 (CS00 text @ speed 1.0),UPLIFT-SWEEP-2 / 2026-08-06,clip,af_heart,en-us,1.0,80,300,10,,no,no,0,0,0,no,Spell it: Q U I Z. quiz.,energy,80,-20,20,,,,,1e3e7e4259156c8d86724809c4b22cab32df8607e74a2edb3b4aa927c69d8d7d
quit,8,yes,perfect,owner perfect quit_6 [UH2]; family baseline; baseline control — recipe knobs unchanged except verdict+pin,UPLIFT-HARD-2 / 2026-08-06,clip,af_heart,en-us,0.82,80,300,10,,no,no,0,0,0,no,"Here is the word, quit.",asr,,,,1.012,1.44,30,40,ead4d4bd02989671832dd58235014e6ad8b1cf6b7aac83476d8f113f2566c76c
quip,8,yes,perfect,owner perfect quip_1 [US2]; family spell_speed1; spell_speed1 (CS00 text @ speed 1.0),UPLIFT-SWEEP-2 / 2026-08-06,clip,af_heart,en-us,1.0,80,300,10,,no,no,0,0,0,no,Spell it: Q U I P. quip.,energy,80,-20,20,,,,,72f8b64e9415ca6ca9a889f3b37c198d5f7b7bf4f2789cbbb9f3af381263be48
knit,8,yes,perfect,owner accept knit_3 perfect [R36],36 / 2026-08-05,clip,af_heart,en-us,0.82,80,300,10,,no,no,0,0,0,no,Say knit.,energy,200,-20,20,,,,,d65fe569d276f608bc5eafc57bc80e7abbf0ef3e00866ec68317171048ac67d9
knob,8,yes,perfect,owner perfect knob_4 [US2]; family spell_speed1; spell_speed1 (CS00 text @ speed 1.0),UPLIFT-SWEEP-2 / 2026-08-06,clip,af_heart,en-us,1.0,80,300,10,,no,no,0,0,0,no,Spell it: K N O B. knob.,energy,80,-20,20,,,,,9435b3f34aa681301ad5e310d79d54fa91fbb5281f79b5682af91eb1bfe51adb
knot,8,yes,perfect,owner perfect knot_1 [US2]; family spell_speed1; spell_speed1 (CS00 text @ speed 1.0),UPLIFT-SWEEP-2 / 2026-08-06,clip,af_heart,en-us,1.0,80,300,10,,no,no,0,0,0,no,Spell it: K N O T. knot.,energy,80,-20,20,,,,,595ec4a328b27bb14383c6e12e7c182e4eada923c54882a8701357e955430adc
lamb,8,yes,perfect,perfect,33,round33 lamb_3 (double_energy_120),af_heart,en-us,0.82,80,300,10,,no,no,0,0,0,no,lamb. lamb.,energy,120,-20,20,,,,,8c6ac8ef911e7ed3b6d433cc62f42516d7b67c1b97f66a966ad03684766b44ad
chick,9,yes,perfect,owner perfect chick_3 [UH8]; family spell_speed1; spell_speed1 (CS00 text @ speed 1.0),UPLIFT-HARD-8 / 2026-08-07,clip,af_heart,en-us,1.0,80,300,10,,no,no,0,0,0,no,Spell it: C H I C K. chick.,energy,80,-20,20,,,,,6b93c8beca6d600ebf80a7b296fb08d1e1beafc28c3e38443d4cb46930175463
check,9,yes,perfect,owner perfect check_6 [UH2]; family baseline; baseline control — recipe knobs unchanged except verdict+pin,UPLIFT-HARD-2 / 2026-08-06,clip,af_heart,en-us,0.82,80,300,10,,no,no,0,0,0,no,Say check.,energy,80,-20,20,,,,,12f5089deed95515ea7c9458b978887626ed85522289b48607aada3159221fcc
chuck,9,yes,perfect,owner perfect chuck_4 [US1]; family spell_speed1; spell_speed1 (CS00 text @ speed 1.0),UPLIFT-SWEEP-1 / 2026-08-06,clip,af_heart,en-us,1.0,80,300,10,,no,no,0,0,0,no,Spell it: C H U C K. chuck.,energy,80,-20,20,,,,,65e46bf12aa1f40a605927d7586b2287e7a549735c5e70bab1060273afc2f3d2
chess,9,yes,perfect,owner accept chess_2 perfect [R35]; supersedes chess_1 good,35 / 2026-08-05,clip,af_heart,en-us,0.82,80,300,10,,no,no,0,0,0,no,Say chess.,energy,80,-20,20,,,,,eba5b95b95ddda9ff536722a2f2ef12061565d7e58dbf5d4b38a5da0a99ada97
chill,9,yes,perfect,owner accept chill_3 perfect [R35],35 / 2026-08-05,clip,af_heart,en-us,0.82,80,300,10,,no,no,0,0,0,no,"Here is the word, chill.",energy,150,-20,20,,,,,74b4ff7c5d6c739c845bc3586bceda69e4a638cf07c2a571423950114719bf4a
shack,9,yes,perfect,owner perfect shack_5 [US7]; family spell_speed1; spell_speed1 (CS00 text @ speed 1.0),UPLIFT-SWEEP-7 / 2026-08-07,clip,af_heart,en-us,1.0,80,300,10,,no,no,0,0,0,no,Spell it: S H A C K. shack.,energy,80,-20,20,,,,,c427d5e8a428fb59a8d5a553a2509845799b4330c01c345402fe32faa42dcdf5
shock,9,yes,perfect,owner perfect shock_4 [US7]; family spell_speed1; spell_speed1 (CS00 text @ speed 1.0),UPLIFT-SWEEP-7 / 2026-08-07,clip,af_heart,en-us,1.0,80,300,10,,no,no,0,0,0,no,Spell it: S H O C K. shock.,energy,80,-20,20,,,,,b50429e03a0291242ddd513fa80c76520a378944f1f11100659f6a1394e90ae6
shell,9,yes,perfect,owner perfect shell_2 [US7]; family carrier_spell_CS00; spell control CS00 (rollup → carrier_spell),UPLIFT-SWEEP-7 / 2026-08-07,clip,af_heart,en-us,0.82,80,300,10,,no,no,0,0,0,no,Spell it: S H E L L. shell.,energy,80,-20,20,,,,,d0cede000347fb6f0b1010f116bcabc9c51a089b753e5e941c39178bbfc43f74
thick,9,yes,perfect,owner perfect thick_8 [UH8]; family spell_speed1; spell_speed1 (CS00 text @ speed 1.0),UPLIFT-HARD-8 / 2026-08-07,clip,af_heart,en-us,1.0,80,300,10,,no,no,0,0,0,no,Spell it: T H I C K. thick.,energy,80,-20,20,,,,,4194000e17994684b055048502e635f56cedb945a63e7d0a77952b6922a51df0
whack,9,yes,perfect,owner perfect whack_6 [US3]; family spell_speed1; spell_speed1 (CS00 text @ speed 1.0),UPLIFT-SWEEP-3 / 2026-08-06,clip,af_heart,en-us,1.0,80,300,10,,no,no,0,0,0,no,Spell it: W H A C K. whack.,energy,80,-20,20,,,,,995161a2d6e415caa9871d3582c337118439214a968ff2056e3d969b1d0d5e38
whiff,9,yes,perfect,owner perfect whiff_4 [US7]; family spell_speed1; spell_speed1 (CS00 text @ speed 1.0),UPLIFT-SWEEP-7 / 2026-08-07,clip,af_heart,en-us,1.0,80,300,10,,no,no,0,0,0,no,Spell it: W H I F F. whiff.,energy,80,-20,20,,,,,cf87a7aaccd61390553b0bfdf129b8f258427e39b3d2e19f51b03fa7d552930a
whizz,9,yes,perfect,owner perfect whizz_6 [UH8]; family peer_carve_quiz; peer_carve_quiz; assembly pin (CSV carrier_cut_mode=assembly),UPLIFT-HARD-8 / 2026-08-07,clip,af_heart,en-us,0.82,80,300,10,,no,no,0,0,0,no,,assembly,,,,,,,,6bf4e914cc7afc11dc16f8fc354014928c0ef255424f4ddf995f00a7d2f61d05
quick,9,yes,perfect,owner perfect quick_3 [US7]; family spell_speed1; spell_speed1 (CS00 text @ speed 1.0),UPLIFT-SWEEP-7 / 2026-08-07,clip,af_heart,en-us,1.0,80,300,10,,no,no,0,0,0,no,Spell it: Q U I C K. quick.,energy,80,-20,20,,,,,155255629463a4bc1c15facc2c0b9626079ea79b3a97d68b1672c4b54ece01af
quack,9,yes,perfect,owner accept quack_2 perfect [R36],36 / 2026-08-05,clip,af_heart,en-us,0.82,80,300,10,,no,no,0,0,0,no,"Here is the word, quack.",energy,150,-20,20,,,,,efce063a404a2c93f00a69060712862e408334ef0e11f2c3bdba1932bf054054
quill,9,yes,perfect,owner perfect quill_4 [US1]; family spell_speed1; spell_speed1 (CS00 text @ speed 1.0),UPLIFT-SWEEP-1 / 2026-08-06,clip,af_heart,en-us,1.0,80,300,10,,no,no,0,0,0,no,Spell it: Q U I L L. quill.,energy,80,-20,20,,,,,3cf843b1c979eb91d0071aa5ca06d8b9f6bf48709a81334286fac7a2c2b9ef19
knock,9,yes,perfect,owner perfect knock_5 [US2]; family carrier_spell_CS00; spell control CS00 (rollup → carrier_spell),UPLIFT-SWEEP-2 / 2026-08-06,clip,af_heart,en-us,0.82,80,300,10,,no,no,0,0,0,no,Spell it: K N O C K. knock.,energy,80,-20,20,,,,,88a25367984f3dc4d75cb4ed0835c4efad625b721301990930ec7f93a4da82b4
wreck,9,yes,perfect,owner perfect wreck_2 [US3]; family spell_speed1; spell_speed1 (CS00 text @ speed 1.0),UPLIFT-SWEEP-3 / 2026-08-06,clip,af_heart,en-us,1.0,80,300,10,,no,no,0,0,0,no,Spell it: W R E C K. wreck.,energy,80,-20,20,,,,,db5062716a529dda8d92afe70dc07123d1cccddf2be6affe780235695cb1a14f
wrong,9,yes,perfect,owner perfect wrong_6 [US7]; family spell_speed1; spell_speed1 (CS00 text @ speed 1.0),UPLIFT-SWEEP-7 / 2026-08-07,clip,af_heart,en-us,1.0,80,300,10,,no,no,0,0,0,no,Spell it: W R O N G. wrong.,energy,80,-20,20,,,,,54083eb57b5086ac2c52753c992511833b8226e68167ebf9fc7f125c73483c7c
thumb,9,yes,perfect,owner accept thumb_2 perfect [R35],35 / 2026-08-05,clip,af_heart,en-us,0.82,80,300,10,,no,no,0,0,0,no,Say thumb.,energy,80,-20,20,,,,,889b1d07ea70c163b39de32a998aa3bbd23a53e0205d566494e307f1295c7430
wrap,9,yes,perfect,owner perfect wrap_5 [US3]; family carrier_listen_em; Listen—{word}. energy cut,UPLIFT-SWEEP-3 / 2026-08-06,clip,af_heart,en-us,0.82,80,300,10,,no,no,0,0,0,no,Listen—wrap.,energy,80,-20,20,,,,,6c0d714783bd88ec8d256c15391fdbd43f725a04f06291e1a50571ead84d9823
wren,9,yes,perfect,owner perfect wren_5 [UP0]; family carrier_spell,UPLIFT-EXPERIMENT-0 / 2026-08-06,clip,af_heart,en-us,0.82,80,300,10,,no,no,0,0,0,no,Spell it: W R E N. wren.,energy,80,-20,20,,,,,4b1d649b21295c2ea571969e2b9765973a2536e6afabd86d6d5fedcf48655550
limb,9,yes,perfect,owner perfect limb_5 [US1]; family baseline; baseline control — recipe unchanged except verdict+pin,UPLIFT-SWEEP-1 / 2026-08-06,clip,af_heart,en-us,0.82,80,300,10,,no,no,0,0,0,no,limb. limb.,energy,120,-20,20,,,,,dc7e570cadb44f4ed8994e52de19feeea20a52732bda7c222062284ef92f8cea
and,10,yes,perfect,"owner perfect and_6; family carrier_listen_s1; recipe in the batch renderer, not in these columns",batch 1 / 2026-08-07,clip,af_heart,en-us,1.0,80,300,10,,no,no,0,0,0,no,,,,,,,,,,cbf80da916ca9090d84e442dc40a4d7d3538b2be5f0460af6b8d7ed2b23d1976
ant,10,yes,perfect,"owner perfect ant_4; family spell_sp0.95_f90; recipe in the batch renderer, not in these columns",batch 5 / 2026-08-07,clip,af_heart,en-us,0.95,80,300,10,,no,no,0,0,0,no,,,,,,,,,,7d0745310d33194f284b77f0f9e2edca7dd5d19621e2e91fffdc91e68681d5fe
ask,10,yes,perfect,"owner perfect ask_4; family spell_sp0.95_f30; recipe in the batch renderer, not in these columns",batch 5 / 2026-08-07,clip,af_heart,en-us,0.95,80,300,10,,no,no,0,0,0,no,,,,,,,,,,14f860ac7e5d655b34eba0a566da3e15ebc7c434bbd06e2719f3ad328ba730c0
band,10,yes,perfect,"owner perfect band_4; family carrier_spell; recipe in the batch renderer, not in these columns",batch 1 / 2026-08-07,clip,af_heart,en-us,0.85,80,300,10,,no,no,0,0,0,no,,,,,,,,,,98492b51cd672f2631b4910e553c335ae8652569286db9ac9e65399584f76e76
belt,10,yes,perfect,"owner perfect belt_4; family carrier_spell; recipe in the batch renderer, not in these columns",batch 1 / 2026-08-07,clip,af_heart,en-us,0.85,80,300,10,,no,no,0,0,0,no,,,,,,,,,,f3aa5b8e58a1fff7eb69379ee9853a0627ca4febcb13f3a324c87aee817863e2
bend,10,yes,perfect,"owner perfect bend_4; family carrier_spell; recipe in the batch renderer, not in these columns",batch 1 / 2026-08-07,clip,af_heart,en-us,0.85,80,300,10,,no,no,0,0,0,no,,,,,,,,,,d967d947b37cabd05281a38357ffde0c59f30137a1388b63d20937764a6699da
best,10,yes,perfect,"owner perfect best_4; family listen_sp0.95_f30; recipe in the batch renderer, not in these columns",batch 5 / 2026-08-07,clip,af_heart,en-us,0.95,80,300,10,,no,no,0,0,0,no,,,,,,,,,,847a687c51ba3c3f74192900730e5d9aad327a071f97f07ea68798cdef43213b
bolt,10,yes,perfect,"owner perfect bolt_4; family quoted_sp0.9_front90; recipe in the batch renderer, not in these columns",batch 7 / 2026-08-07,clip,af_heart,en-us,0.9,80,300,10,,no,no,0,0,0,no,,,,,,,,,,639b31e00a3f116a1a2536879c876ae88c02286b1411c93b584faf1b89fd2399
bond,10,yes,perfect,"owner perfect bond_4; family spell_sp0.95_front130; recipe in the batch renderer, not in these columns",batch 7 / 2026-08-07,clip,af_heart,en-us,0.95,80,300,10,,no,no,0,0,0,no,,,,,,,,,,c1c7f665d1003c06a21a268f21792e69a2c5b41e1d7676121109521a175737d5
brag,11,yes,perfect,"owner perfect brag_4; family listen_sp0.85; recipe in the batch renderer, not in these columns",batch 10 (2026-08-11),clip,af_heart,en-us,0.85,80,300,10,,no,no,0,0,0,no,,,,,,,,,,b0eba03b89cfddab3863407fcd85649f142eb65343e6805c7a9da6bb39ce92ed
bump,10,yes,perfect,"owner perfect bump_5; family carrier_spell_s1; recipe in the batch renderer, not in these columns",batch 1 / 2026-08-07,clip,af_heart,en-us,1.0,80,300,10,,no,no,0,0,0,no,,,,,,,,,,7168f79484eefac0c23409e062c7b46b0846e694ab1257d2cc12c80b46c20115
camp,10,yes,perfect,"owner perfect camp_3; family carrier_listen; recipe in the batch renderer, not in these columns",batch 1 / 2026-08-07,clip,af_heart,en-us,0.85,80,300,10,,no,no,0,0,0,no,,,,,,,,,,803c480bf0bc488f551537018a61e77dc1b7fcb013cda867ffa8699c6d9a74e6
clap,11,yes,perfect,"owner perfect clap_1; family listen_sp0.8; recipe in the batch renderer, not in these columns",batch 9 (2026-08-10),clip,af_heart,en-us,0.8,80,300,10,,no,no,0,0,0,no,,,,,,,,,,5e93a96b6b975b96da05316d33cc4384fbc24727c2aaaca627c4dd06cbc75d97
cost,10,yes,perfect,"owner perfect cost_6; family quoted_sp0.85_front90; recipe in the batch renderer, not in these columns",batch 6 / 2026-08-07,clip,af_heart,en-us,0.85,80,300,10,,no,no,0,0,0,no,,,,,,,,,,417177655c3fa744c22aca79848c697c5746d5cf758bd78f270602172d3d2015
damp,10,yes,perfect,"owner perfect damp_7; family spell_sp0.95_front130; recipe in the batch renderer, not in these columns",batch 7 / 2026-08-07,clip,af_heart,en-us,0.95,80,300,10,,no,no,0,0,0,no,,,,,,,,,,bbd03272ffb2a725c80eca309fc88a438a809406b47c91da96f3efab0213b2dd
dent,10,yes,perfect,"owner perfect dent_2; family listen_sp0.95_f90; recipe in the batch renderer, not in these columns",batch 5 / 2026-08-07,clip,af_heart,en-us,0.95,80,300,10,,no,no,0,0,0,no,,,,,,,,,,ba0db3f7050040a294e8ffd7c6811f05b9574f9ddf31bf217df394e64d8627e2
desk,10,yes,perfect,"owner perfect desk_5; family quoted_sp0.85_front130; recipe in the batch renderer, not in these columns",batch 7 / 2026-08-07,clip,af_heart,en-us,0.85,80,300,10,,no,no,0,0,0,no,,,,,,,,,,eaac7dc2ca91f837eb4f10a9ea3895e502eda30830a3ac4911c594a4aea8feea
drop,11,yes,perfect,"owner perfect drop_4; family say_sp0.8; recipe in the batch renderer, not in these columns",batch 9 (2026-08-10),clip,af_heart,en-us,0.8,80,300,10,,no,no,0,0,0,no,,,,,,,,,,106f59dc06c0330d24209abff90d733fa6d59c3348eec172fcc2e58f6efe24c8
drum,11,yes,perfect,"owner perfect drum_5; family listen_sp0.8; recipe in the batch renderer, not in these columns",batch 10 (2026-08-11),clip,af_heart,en-us,0.8,80,300,10,,no,no,0,0,0,no,,,,,,,,,,072fb47ad28dbef682e1afb1ad01e0132ccefa7288320ce70630d3967544f459
dusk,10,yes,perfect,"owner perfect dusk_3; family again_sp0.85_front90; recipe in the batch renderer, not in these columns",batch 7 / 2026-08-07,clip,af_heart,en-us,0.85,80,300,10,,no,no,0,0,0,no,,,,,,,,,,baf899e67de213fdc30b22ca3359fc3b68c33afc7d829a7df0b93898eabfadb6
end,10,yes,perfect,"owner perfect end_2; family listen_sp0.95_f30; recipe in the batch renderer, not in these columns",batch 5 / 2026-08-07,clip,af_heart,en-us,0.95,80,300,10,,no,no,0,0,0,no,,,,,,,,,,e1a7c6cfb9f1e699470100ef69d79c0e0388d393ad3dd9082c2050daad17e96c
fast,10,yes,perfect,"owner perfect fast_2; family twice_sp0.95_front90; recipe in the batch renderer, not in these columns",batch 6 / 2026-08-07,clip,af_heart,en-us,0.95,80,300,10,,no,no,0,0,0,no,,,,,,,,,,6cf8672e3f49f711581fc7e8dc91e03abb12bd1e55e2ae5947dbca0926f141bd
flag,11,yes,perfect,"owner perfect ; family listen_sp0.75; recipe in the batch renderer, not in these columns",batch 12 (2026-08-11),clip,af_heart,en-us,0.75,80,300,10,,no,no,0,0,0,no,,,,,,,,,,6866261e084bbed60be562b1d35ce83167bf261e4e0430b3af8537fbe0f21147
flat,11,yes,perfect,"owner perfect flat_3; family listen_sp0.95; recipe in the batch renderer, not in these columns",batch 9 (2026-08-10),clip,af_heart,en-us,0.95,80,300,10,,no,no,0,0,0,no,,,,,,,,,,b69038e79d87d2cb009a19c070c41a6d3e579460b05e09734927506f39f71911
fond,10,yes,perfect,"owner perfect fond_3; family again_sp0.85_front90; recipe in the batch renderer, not in these columns",batch 7 / 2026-08-07,clip,af_heart,en-us,0.85,80,300,10,,no,no,0,0,0,no,,,,,,,,,,825ae63d233d7f43d8fe0746690635d536ed5deb3dba287cb5318d8167529922
gift,10,yes,perfect,"owner perfect gift_3; family spell_sp0.85_f30; recipe in the batch renderer, not in these columns",batch 5 / 2026-08-07,clip,af_heart,en-us,0.85,80,300,10,,no,no,0,0,0,no,,,,,,,,,,69027dd06e7634dbca263147cada20fa2e5e18b73b9169059b7982efbd5aec32
glad,11,yes,perfect,"owner perfect glad_1; family listen_sp0.8; recipe in the batch renderer, not in these columns",batch 9 (2026-08-10),clip,af_heart,en-us,0.8,80,300,10,,no,no,0,0,0,no,,,,,,,,,,4662d211d8d9f246d0c510bbfb5d1a6cdac7faccf27e690b41c7f172ffc7cecb
grab,11,yes,perfect,"owner perfect grab_7; family listen_sp0.95; recipe in the batch renderer, not in these columns",batch 10 (2026-08-11),clip,af_heart,en-us,0.95,80,300,10,,no,no,0,0,0,no,,,,,,,,,,52ef3964c919e254f622ece3d8cd9fcbd5fef1073f0d85c1fbf57e77664d4d3d
grin,11,yes,perfect,"owner perfect grin_2; family say_sp0.8_breath; recipe in the batch renderer, not in these columns",batch 9 (2026-08-10),clip,af_heart,en-us,0.8,80,300,10,,no,no,0,0,0,no,,,,,,,,,,bb04cff5d6fd0b81d06d1b258c7de70a770dc3862d085aa2fcd45252d22a130a
gulf,10,yes,perfect,"owner perfect gulf_1; family twice_sp0.85_front60; recipe in the batch renderer, not in these columns",batch 7 / 2026-08-07,clip,af_heart,en-us,0.85,80,300,10,,no,no,0,0,0,no,,,,,,,,,,3e31aa0fa452157f953f45660735740ff1c14a08129bab2281fa1bd0386a7bcd
gulp,10,yes,perfect,"owner perfect gulp_5; family spell_sp0.85_front60; recipe in the batch renderer, not in these columns",batch 6 / 2026-08-07,clip,af_heart,en-us,0.85,80,300,10,,no,no,0,0,0,no,,,,,,,,,,a41ad0838b84d0363d03f44124bf49485006f64695a3da570dfab5b5d53bbbdd
hand,10,yes,perfect,"owner perfect hand_3; family carrier_listen; recipe in the batch renderer, not in these columns",batch 1 / 2026-08-07,clip,af_heart,en-us,0.85,80,300,10,,no,no,0,0,0,no,,,,,,,,,,ec77de140a9d0a2ff4df79df4c03c7c518345b2acac5d8c5bd389e63b0dbeff4
help,10,yes,perfect,"owner perfect help_5; family spell_sp0.95_f30; recipe in the batch renderer, not in these columns",batch 5 / 2026-08-07,clip,af_heart,en-us,0.95,80,300,10,,no,no,0,0,0,no,,,,,,,,,,6fe9e62e125b8c6d0ee269d04d84facd203743b4a00353c6e4aa90e97de8621f
hint,10,yes,perfect,"owner perfect hint_3; family spell_sp0.85_front90; recipe in the batch renderer, not in these columns",batch 6 / 2026-08-07,clip,af_heart,en-us,0.85,80,300,10,,no,no,0,0,0,no,,,,,,,,,,3dfe017f5f1f2fefce46da92317367bd92bdd2f2c817fb450e996c9076a16c99
jump,10,yes,perfect,"owner perfect jump_4; family carrier_spell; recipe in the batch renderer, not in these columns",batch 1 / 2026-08-07,clip,af_heart,en-us,0.85,80,300,10,,no,no,0,0,0,no,,,,,,,,,,e6f96eee9867431f9e27106829db59de0665331e149f5c56326e45aa9b7d7bdb
just,10,yes,perfect,"owner perfect just_4; family again_sp0.85_front90; recipe in the batch renderer, not in these columns",batch 6 / 2026-08-07,clip,af_heart,en-us,0.85,80,300,10,,no,no,0,0,0,no,,,,,,,,,,9094bbe95f05a9a53a7b3a45dc3fa6b430490c9040108e80c909fcd0bcdb7f07
kept,10,yes,perfect,"owner perfect kept_6; family listen_sp0.85; recipe in the batch renderer, not in these columns",batch 7 / 2026-08-07,clip,af_heart,en-us,0.85,80,300,10,,no,no,0,0,0,no,,,,,,,,,,25a7af51716f0f5e332474b65ef0734cd577019f3e15d0e81ee174dc186323af
lamp,10,yes,perfect,"owner perfect lamp_4; family carrier_spell; recipe in the batch renderer, not in these columns",batch 1 / 2026-08-07,clip,af_heart,en-us,0.85,80,300,10,,no,no,0,0,0,no,,,,,,,,,,0aa682dd0b628c8b102d7e23f6632db3da9b6d4ea90d19e981751d8247b008e3
land,10,yes,perfect,"owner perfect land_6; family carrier_listen_s1; recipe in the batch renderer, not in these columns",batch 1 / 2026-08-07,clip,af_heart,en-us,1.0,80,300,10,,no,no,0,0,0,no,,,,,,,,,,aaeeba92e10cb26474010efadb1f62a2b4451bf234a87a09c7a116dea99b5ce2
last,10,yes,perfect,"owner perfect last_3; family spell_sp0.9_front130; recipe in the batch renderer, not in these columns",batch 7 / 2026-08-07,clip,af_heart,en-us,0.9,80,300,10,,no,no,0,0,0,no,,,,,,,,,,5a07c1da77c7cc64663a0854bce8fce842165e4a5c663a5324be9170fe053a10
left,10,yes,perfect,"owner perfect left_6; family spell_sp0.85_f90; recipe in the batch renderer, not in these columns",batch 5 / 2026-08-07,clip,af_heart,en-us,0.85,80,300,10,,no,no,0,0,0,no,,,,,,,,,,44114829d0489bb29112001f8bacd4496664977a14be1e6067b9e71b08481481
lend,10,yes,perfect,"owner perfect lend_5; family quoted_sp0.85_front90; recipe in the batch renderer, not in these columns",batch 7 / 2026-08-07,clip,af_heart,en-us,0.85,80,300,10,,no,no,0,0,0,no,,,,,,,,,,3b8d3a526c01f67cda57cfc29b36b1f38daa8118e6aa715673664616e054056e
lift,10,yes,perfect,"owner perfect lift_2; family spell_sp0.85_f0; recipe in the batch renderer, not in these columns",batch 5 / 2026-08-07,clip,af_heart,en-us,0.85,80,300,10,,no,no,0,0,0,no,,,,,,,,,,0525391cc52f89155a71c3d3315307cf0f271185873df7ba81dedfdcecfbe9ae
list,10,yes,perfect,"owner perfect list_6; family spell_sp0.95_f60; recipe in the batch renderer, not in these columns",batch 5 / 2026-08-07,clip,af_heart,en-us,0.95,80,300,10,,no,no,0,0,0,no,,,,,,,,,,d0833505105d2e36f664a9930f254a4e7d64d7d607b1a44009f6d2530be08a14
mask,10,yes,perfect,"owner perfect mask_3; family spell_sp0.85_front130; recipe in the batch renderer, not in these columns",batch 7 / 2026-08-07,clip,af_heart,en-us,0.85,80,300,10,,no,no,0,0,0,no,,,,,,,,,,28f257fcf9390b0b1217228d583d4592b9c98af96f85f4830726f47ecb7e98ff
melt,10,yes,perfect,"owner perfect melt_2; family twice_m25_front60; recipe in the batch renderer, not in these columns",batch 4 / 2026-08-07,clip,af_heart,en-us,0.85,80,300,10,,no,no,0,0,0,no,,,,,,,,,,4fa4687f111a012be0c698fa33850b0521e518f7dd0c18115d629bd976c74b90
mend,10,yes,perfect,"owner perfect mend_5; family listen_sp0.8; recipe in the batch renderer, not in these columns",batch 9 (2026-08-10),clip,af_heart,en-us,0.8,80,300,10,,no,no,0,0,0,no,,,,,,,,,,12884014d6c663d90fa6d4d79027a2ba9e6cf9ce3aad7ffc4020d8f9ea09a077
milk,10,yes,perfect,"owner perfect milk_10; family spell_m10_front90; recipe in the batch renderer, not in these columns",batch 4 / 2026-08-07,clip,af_heart,en-us,0.85,80,300,10,,no,no,0,0,0,no,,,,,,,,,,48e41df7b1f57ede5262b31fde167a5b683ba0326d7e835dd71f600866245af0
mint,10,yes,perfect,"owner perfect mint_2; family twice_sp0.85_f90; recipe in the batch renderer, not in these columns",batch 5 / 2026-08-07,clip,af_heart,en-us,0.85,80,300,10,,no,no,0,0,0,no,,,,,,,,,,d3620c0a3743f6cdb78606f87041a1161210c6e9d66ae1b6da13220c9d2f290a
must,10,yes,perfect,"owner perfect must_5; family preboundary_sp0.9_front130; recipe in the batch renderer, not in these columns",batch 7 / 2026-08-07,clip,af_heart,en-us,0.9,80,300,10,,no,no,0,0,0,no,,,,,,,,,,0ce1f2d1460d32ff64a5ec48b8fa2f420057d165884b01e2ad2a1337d9e92ac8
nest,10,yes,perfect,"owner perfect nest_6; family spell_sp0.85_f60; recipe in the batch renderer, not in these columns",batch 5 / 2026-08-07,clip,af_heart,en-us,0.85,80,300,10,,no,no,0,0,0,no,,,,,,,,,,8607839bdd128f5a786874824f204f91d7d09964e47374a79018384b282dbcb3
plan,11,yes,perfect,"owner perfect plan_4; family listen_sp0.85; recipe in the batch renderer, not in these columns",batch 9 (2026-08-10),clip,af_heart,en-us,0.85,80,300,10,,no,no,0,0,0,no,,,,,,,,,,d79dbc063cd0387f2abbf2d6e39c7fb80d90671e6aebf81c3ca16344342c980b
plum,11,yes,perfect,"owner perfect plum_1; family listen_sp0.85; recipe in the batch renderer, not in these columns",batch 10 (2026-08-11),clip,af_heart,en-us,0.85,80,300,10,,no,no,0,0,0,no,,,,,,,,,,9a1bae73b26c48cff66e8a9617a3f894ef20a5bcbf290c8a53c5c7c570bdd947
pond,10,yes,perfect,"owner perfect pond_3; family carrier_listen; recipe in the batch renderer, not in these columns",batch 1 / 2026-08-07,clip,af_heart,en-us,0.85,80,300,10,,no,no,0,0,0,no,,,,,,,,,,febce739ebccccd55887d6db4690af764bdeda9ad34c9bae63f0e4703050d718
pump,10,yes,perfect,"owner perfect pump_7; family spell_sp0.95_front90; recipe in the batch renderer, not in these columns",batch 6 / 2026-08-07,clip,af_heart,en-us,0.95,80,300,10,,no,no,0,0,0,no,,,,,,,,,,d8bbb11f50739d0ffd202154ce5be4ee6f9121af8b97b004352cb5a84c243a46
raft,10,yes,perfect,"owner perfect raft_1; family spell_sp0.85_front90; recipe in the batch renderer, not in these columns",batch 6 / 2026-08-07,clip,af_heart,en-us,0.85,80,300,10,,no,no,0,0,0,no,,,,,,,,,,b64a6d6437ab4022bbd6b1015176f7a0f5b3942e0afcfcd66f835570d2a4e451
rest,10,yes,perfect,"owner perfect rest_2; family again_sp0.95_f90; recipe in the batch renderer, not in these columns",batch 5 / 2026-08-07,clip,af_heart,en-us,0.95,80,300,10,,no,no,0,0,0,no,,,,,,,,,,1069ebceb6ff99a1ef6936964dd9c4b5065b43eef07b2984fe896f7616931c57
risk,10,yes,perfect,"owner perfect risk_6; family long_sp0.85_front130; recipe in the batch renderer, not in these columns",batch 7 / 2026-08-07,clip,af_heart,en-us,0.85,80,300,10,,no,no,0,0,0,no,,,,,,,,,,1390540c675ef6c7d3ee993421e9f9739e0d0131455a750f2177562c169dd20e
sand,10,yes,perfect,"owner perfect sand_3; family carrier_listen; recipe in the batch renderer, not in these columns",batch 1 / 2026-08-07,clip,af_heart,en-us,0.85,80,300,10,,no,no,0,0,0,no,,,,,,,,,,2e7a4936364fd27df2bcb0fc211938cc665b22b6002334c20903bd18fb2c51bd
sift,10,yes,perfect,"owner perfect sift_3; family again_sp0.85_front90; recipe in the batch renderer, not in these columns",batch 6 / 2026-08-07,clip,af_heart,en-us,0.85,80,300,10,,no,no,0,0,0,no,,,,,,,,,,79ac4f6136f362fd1e75ecc66b87cdd44092c7d81e129ac22ac364aa1605e8fd
silk,10,yes,perfect,"owner perfect silk_1; family listen_sp0.8; recipe in the batch renderer, not in these columns",batch 9 (2026-08-10),clip,af_heart,en-us,0.8,80,300,10,,no,no,0,0,0,no,,,,,,,,,,763eb5d69373b689a3d9b941e38c2e94c79239201484846c1e50c34a90d3ce20
slam,11,yes,perfect,"owner perfect slam_1; family listen_sp0.85; recipe in the batch renderer, not in these columns",batch 9 (2026-08-10),clip,af_heart,en-us,0.85,80,300,10,,no,no,0,0,0,no,,,,,,,,,,a208cef05e004e8c710938f8ae429eff481ea6ad3cfc6086cc502e8f76cd4481
sled,11,yes,perfect,"owner perfect sled_2; family listen_sp0.8; recipe in the batch renderer, not in these columns",batch 9 (2026-08-10),clip,af_heart,en-us,0.8,80,300,10,,no,no,0,0,0,no,,,,,,,,,,3b24a949236103bf65ce71d20cf577c800a7a0b5058371558c8e846852989743
slid,11,yes,perfect,"owner perfect ; family listen_sp0.75; recipe in the batch renderer, not in these columns",batch 12 (2026-08-11),clip,af_heart,en-us,0.75,80,300,10,,no,no,0,0,0,no,,,,,,,,,,2ddf9aec86eb12435f1027a9799b73f6a57adc51842948e7e8ff501f87311095
slip,11,yes,perfect,"owner perfect slip_3; family listen_sp0.95; recipe in the batch renderer, not in these columns",batch 9 (2026-08-10),clip,af_heart,en-us,0.95,80,300,10,,no,no,0,0,0,no,,,,,,,,,,9071c28232521776a7eb6a14ab152ae8768ac45eb71fffe3ece04da51e2223dc
snap,11,yes,perfect,"owner perfect snap_2; family listen_sp0.95; recipe in the batch renderer, not in these columns",batch 9 (2026-08-10),clip,af_heart,en-us,0.95,80,300,10,,no,no,0,0,0,no,,,,,,,,,,1d8c0cba456b7a588f28606abacdedbbf7b76ea35305e363e1afbd67593f8f03
snug,11,yes,perfect,"owner perfect ; family listen_sp0.75; recipe in the batch renderer, not in these columns",batch 12 (2026-08-11),clip,af_heart,en-us,0.75,80,300,10,,no,no,0,0,0,no,,,,,,,,,,fd95311bbb4cf8808c8f43d2f89ec3814ed6382a562ad6a421d230b0f205e11a
soft,10,yes,perfect,"owner perfect soft_12; family spell_sp1.05_front30; recipe in the batch renderer, not in these columns",batch 6 / 2026-08-07,clip,af_heart,en-us,1.05,80,300,10,,no,no,0,0,0,no,,,,,,,,,,f70e46ab9b255c4849f2d644ce2bf608eb485d7db27dad572bc0b9426290a5fd
spin,11,yes,perfect,"owner perfect spin_2; family listen_sp0.85; recipe in the batch renderer, not in these columns",batch 9 (2026-08-10),clip,af_heart,en-us,0.85,80,300,10,,no,no,0,0,0,no,,,,,,,,,,39753bd2f62fa61500e57057d3ab99abf03fd54a4cbd2c062063f47f3a150b04
spot,11,yes,perfect,"owner perfect spot_2; family listen_sp0.8; recipe in the batch renderer, not in these columns",batch 10 (2026-08-11),clip,af_heart,en-us,0.8,80,300,10,,no,no,0,0,0,no,,,,,,,,,,d67fa5bc217852dd0f19de37fad7086d44cc820aec6d7c2044c6b5dbfdd69eca
stem,11,yes,perfect,"owner perfect stem_1; family listen_sp0.85; recipe in the batch renderer, not in these columns",batch 10 (2026-08-11),clip,af_heart,en-us,0.85,80,300,10,,no,no,0,0,0,no,,,,,,,,,,c79106a0c395ca91f72f61dcd433c67c63e9df89f214aa047c0ef03022db7aa0
step,11,yes,perfect,"owner perfect step_2; family listen_sp0.85; recipe in the batch renderer, not in these columns",batch 9 (2026-08-10),clip,af_heart,en-us,0.85,80,300,10,,no,no,0,0,0,no,,,,,,,,,,413c2d023fba90b8cd6e694b404772840782d87f2229f61447349c3d10c35513
stop,11,yes,perfect,"owner perfect stop_1; family listen_sp0.95; recipe in the batch renderer, not in these columns",batch 9 (2026-08-10),clip,af_heart,en-us,0.95,80,300,10,,no,no,0,0,0,no,,,,,,,,,,6e9659e2fafac05ad3980c26199af5f5942f89669f7628ef8445c8f35c6f4d4b
swam,11,yes,perfect,"owner perfect ; family listen_sp0.75; recipe in the batch renderer, not in these columns",batch 12 (2026-08-11),clip,af_heart,en-us,0.75,80,300,10,,no,no,0,0,0,no,,,,,,,,,,b8ba2f010a29c76176218580802d6cb0c46d78510f04c7ab53ce273aa39c2756
swim,11,yes,perfect,"owner perfect swim_1; family listen_sp0.8; recipe in the batch renderer, not in these columns",batch 9 (2026-08-10),clip,af_heart,en-us,0.8,80,300,10,,no,no,0,0,0,no,,,,,,,,,,99ea1f985c3b2fd0e682f3b305bcf4c8ce9b1594a3c3a50968ed0417d4027163
task,10,yes,perfect,"owner perfect task_3; family listen_sp0.85_front30; recipe in the batch renderer, not in these columns",batch 6 / 2026-08-07,clip,af_heart,en-us,0.85,80,300,10,,no,no,0,0,0,no,,,,,,,,,,7164c19c0433c76a6f04f7f22436ac59aac557fbfa7e448483ce315fc8ed419a
tent,10,yes,perfect,"owner perfect tent_4; family spell_sp0.85_f30; recipe in the batch renderer, not in these columns",batch 5 / 2026-08-07,clip,af_heart,en-us,0.85,80,300,10,,no,no,0,0,0,no,,,,,,,,,,628b1b46fa91cfd3fd9d3bd44a000939628afb1c6e456f297df29e3c218679de
trap,11,yes,perfect,"owner perfect trap_1; family listen_sp0.8; recipe in the batch renderer, not in these columns",batch 9 (2026-08-10),clip,af_heart,en-us,0.8,80,300,10,,no,no,0,0,0,no,,,,,,,,,,13e6e76f5fee494dce17cbdf34f9ffb4b21cfa29c49295d6b39d684800891386
trim,11,yes,perfect,"owner perfect trim_1; family listen_sp0.85; recipe in the batch renderer, not in these columns",batch 10 (2026-08-11),clip,af_heart,en-us,0.85,80,300,10,,no,no,0,0,0,no,,,,,,,,,,5b59ef391b0d64b660d566f50b9c3325684734bc26a3c47f046dcc58a11f07af
trip,11,yes,perfect,"owner perfect trip_6; family listen_sp0.95; recipe in the batch renderer, not in these columns",batch 10 (2026-08-11),clip,af_heart,en-us,0.95,80,300,10,,no,no,0,0,0,no,,,,,,,,,,32b5336efe51fd7b4c196d873e4b63a9a46252f331f327a6cc042243981ca998
twig,11,yes,perfect,"owner perfect twig_1; family listen_sp0.8; recipe in the batch renderer, not in these columns",batch 10 (2026-08-11),clip,af_heart,en-us,0.8,80,300,10,,no,no,0,0,0,no,,,,,,,,,,746fb4ee79bf26116dbb9f58a65e6ec2ea25b0b6d5a2eb57f7ee278216ae73ac
twin,11,yes,perfect,"owner perfect twin_8; family listen_sp0.95; recipe in the batch renderer, not in these columns",batch 9 (2026-08-10),clip,af_heart,en-us,0.95,80,300,10,,no,no,0,0,0,no,,,,,,,,,,56a0dab87cab273c44488110e32470464eade7a2b8e4120bba780c6b0cfc7cd6
wilt,10,yes,perfect,"owner perfect wilt_7; family quoted_sp0.85_front90; recipe in the batch renderer, not in these columns",batch 7 / 2026-08-07,clip,af_heart,en-us,0.85,80,300,10,,no,no,0,0,0,no,,,,,,,,,,b7753c638e1162051254ee13e17c6c8fefa2d5717687d0d913a27b33fed3d2ee
do,6,yes,perfect,"owner perfect do_6; family end_listen_trim90; recipe in the batch renderer, not in these columns",batch 2 / 2026-08-07,clip,af_heart,en-us,0.85,80,300,10,,no,no,0,0,0,no,,,,,,,,,,d7de0bfd54da7fa3a7e9d897db7e4fdeeed713976937f10d87fc93e0401fb7e3
said,7,yes,perfect,"owner perfect said_8; family listen_s1_m25_front60; recipe in the batch renderer, not in these columns",batch 4 / 2026-08-07,clip,af_heart,en-us,0.85,80,300,10,,no,no,0,0,0,no,,,,,,,,,,745c26a1d0bec518f75bec3f45653d8e979a3b918472671e31efd5c061aee5d1
to,6,yes,perfect,"owner perfect to_8; family end_listen_s1; recipe in the batch renderer, not in these columns",batch 2 / 2026-08-07,clip,af_heart,en-us,1.0,80,300,10,,no,no,0,0,0,no,,,,,,,,,,f90809e9a2e9e682755519237c092a7c3430c2f0056d755de2f087b77b6486d9
you,7,yes,perfect,"owner perfect you_5; family carrier_listen_s1; recipe in the batch renderer, not in these columns",batch 1 / 2026-08-07,clip,af_heart,en-us,1.0,80,300,10,,no,no,0,0,0,no,,,,,,,,,,af076a43f3209ba8450a8c2e2d899d8c89f410f719ddc77d0a78f2f1f4ddcb82
my,2,yes,perfect,"owner perfect my_6; family listen_s95_m25_front90; recipe in the batch renderer, not in these columns",batch 4 / 2026-08-07,clip,af_heart,en-us,0.85,80,300,10,,no,no,0,0,0,no,,,,,,,,,,006858b6ab0c677fc0fb0206ca65f97e6fa4d804de74416357c82067505fd711
of,2,yes,perfect,"owner perfect of_6; family listen_sp0.9_front130; recipe in the batch renderer, not in these columns",batch 6 / 2026-08-07,clip,af_heart,en-us,0.9,80,300,10,,no,no,0,0,0,no,,,,,,,,,,7560e3f01143d518d00bb45410bcf65e64000808f3b26790ab746b06e792bd94
a,2,yes,perfect,"owner perfect 2·3 — matched to today's schwa; family owner-handoff-schwaD; recipe in the batch renderer, not in these columns",the word a / 2026-08-12,clip,af_heart,en-us,0.85,80,300,10,,no,no,0,0,0,no,,,,,,,,,,d3fc66ccc4ed23f493af51b368009b2325153aae9c1cddd23007825a47c7ecee
we,2,yes,perfect,"owner perfect we_1; family sit_sp0.6 — cut from ""Sit. we. Sit."", never read from the bare spelling; recipe in the batch renderer, not in these columns",batch 12 (2026-08-11),clip,af_heart,en-us,0.6,80,300,10,,no,no,0,0,0,no,,,,,,,,,,9872dbfd5ff1ccc73aaaf21f6b2aa3734f5ea61349d6a13657374dc59f7dfd7e
me,2,yes,perfect,"owner perfect me_1; family listen_sp0.6 — cut from ""Listen—me."", never read from the bare spelling; recipe in the batch renderer, not in these columns",batch 13 (2026-08-11),clip,af_heart,en-us,0.6,80,300,10,,no,no,0,0,0,no,,,,,,,,,,82a95a9b75d93fc1f57c73645f6233af18ed2c42ed3354a4da4e7f05dda1fa60
he,2,yes,perfect,"owner perfect he_1; family listen_sp0.6 — cut from "Listen—he.", never read from the bare spelling; recipe in the batch renderer, not in these columns",batch 12 (2026-08-11),clip,af_heart,en-us,0.6,80,300,10,,no,no,0,0,0,no,,,,,,,,,,c8ec5e0bfb347b5fa1f715966c115ecd01e6d243d3be4eacf25bd811642c7f19
be,2,yes,perfect,"owner perfect be_1; family listen_sp0.65 — cut from "Listen—be.", never read from the bare spelling; recipe in the batch renderer, not in these columns",batch 14 (2026-08-11),clip,af_heart,en-us,0.65,80,300,10,,no,no,0,0,0,no,,,,,,,,,,f35ab9ccb3ed545f8f12c7220608b931314e069559023e32164e18b8c276d6d9
go,2,yes,perfect,"owner perfect go_1; family listen_sp0.6 — cut from "Listen—go.", never read from the bare spelling; recipe in the batch renderer, not in these columns",batch 12 (2026-08-11),clip,af_heart,en-us,0.6,80,300,10,,no,no,0,0,0,no,,,,,,,,,,67a88a57ab20c746982544fddea07204d4fc4093ba7076dff581d6cfc6f38b09
no,2,yes,perfect,"owner perfect no_1; family listen_sp0.7 — cut from "Listen—no.", never read from the bare spelling; recipe in the batch renderer, not in these columns",batch 12 (2026-08-11),clip,af_heart,en-us,0.7,80,300,10,,no,no,0,0,0,no,,,,,,,,,,5a8921e2428b17334cb0858b57c01efec3157d9dbe0faae2bd06c51aeeb78d88
so,2,yes,perfect,"owner perfect so_1; family sit_sp0.6 — cut from "Sit. so. Sit.", never read from the bare spelling; recipe in the batch renderer, not in these columns",batch 12 (2026-08-11),clip,af_heart,en-us,0.6,80,300,10,,no,no,0,0,0,no,,,,,,,,,,30ca49b878aa4f0a632ae0c04e7b4f201e5c6b63f42ce0d11575b19ba40247ed
i,1,yes,perfect,"owner arm C, whole word at sentence speed - the word says the letter's own name; family listen_sp1.0; sound-out is this same recording (d:long_i_i), the word-a rule",round 4 / 2026-08-15,clip,af_heart,en-us,1.0,0,0,0,,no,no,0,0,0,no,,,,,,,,,,51d76557a73de5488c8a407d7cdea7d8f5d7a1f94122cb1e3d75182afa94cf9b
beds,21,yes,perfect,"owner perfect beds_1; family listen_sp0.8; recipe in the batch renderer, not in these columns",batch 12 (2026-08-11),clip,af_heart,en-us,0.8,80,300,10,,no,no,0,0,0,no,,,,,,,,,,3ee45d632eac3328e64e1d162a873c6d103c5d794d593442711788bcc7ea79f4
bugs,21,yes,perfect,"owner perfect bugs_1; family listen_sp0.8; recipe in the batch renderer, not in these columns",batch 11 (2026-08-11),clip,af_heart,en-us,0.8,80,300,10,,no,no,0,0,0,no,,,,,,,,,,1ae9cdcd01fd3aa0bf7fcd1b523a7fd042b49e2972a5125137a6aa64587ab282
cats,21,yes,perfect,"owner perfect cats_4; family listen_sp0.95; recipe in the batch renderer, not in these columns",batch 11 (2026-08-11),clip,af_heart,en-us,0.95,80,300,10,,no,no,0,0,0,no,,,,,,,,,,429514704978a3476a47bf1aa6a35ad308ff0308b0b33f1ed226f9fec8512c81
cups,21,yes,perfect,"owner perfect cups_8; family listen_sp0.85; recipe in the batch renderer, not in these columns",batch 11 (2026-08-11),clip,af_heart,en-us,0.85,80,300,10,,no,no,0,0,0,no,,,,,,,,,,6ce92cb78d15c44b8e695b7b8869172e2f4935f4bbb405622708aa4e15cd0f6c
dogs,21,yes,perfect,"owner perfect dogs_7; family say_sp0.8; recipe in the batch renderer, not in these columns",batch 12 (2026-08-11),clip,af_heart,en-us,0.8,80,300,10,,no,no,0,0,0,no,,,,,,,,,,efe3c0de50d03a2e236d6cdc7d91294b6251135ae478df25808def59917b533e
hats,21,yes,perfect,"owner perfect hats_2; family listen_sp0.85; recipe in the batch renderer, not in these columns",batch 11 (2026-08-11),clip,af_heart,en-us,0.85,80,300,10,,no,no,0,0,0,no,,,,,,,,,,4a5458c9978a1b159529302c246ec9fa4b87a2b3b00dcb00aab082eee81e9760
hens,21,yes,perfect,"owner perfect hens_1; family listen_sp0.8; recipe in the batch renderer, not in these columns",batch 11 (2026-08-11),clip,af_heart,en-us,0.8,80,300,10,,no,no,0,0,0,no,,,,,,,,,,c65796e0602edaf6dc1cdec06b69b0d70cffaa61890b00928488fae994e07ff6
kids,21,yes,perfect,"owner perfect kids_1; family listen_sp0.8; recipe in the batch renderer, not in these columns",batch 11 (2026-08-11),clip,af_heart,en-us,0.8,80,300,10,,no,no,0,0,0,no,,,,,,,,,,22c5da38e51c3602702b1d141aae5594ff973aab5efdfed83e90576fd6db14f7
lids,21,yes,perfect,"owner perfect lids_4; family stop_sp0.6; recipe in the batch renderer, not in these columns",batch 14 (2026-08-11),clip,af_heart,en-us,0.6,80,300,10,,no,no,0,0,0,no,,,,,,,,,,64d56bc22a396c0124ed537dac29ff33705ecd3c828b1c63fe678564f4bca8ad
maps,21,yes,perfect,"owner perfect maps_4; family listen_sp0.85; recipe in the batch renderer, not in these columns",batch 11 (2026-08-11),clip,af_heart,en-us,0.85,80,300,10,,no,no,0,0,0,no,,,,,,,,,,17bdf00334cb8f2791fb779aa300c7af0a0b0b7364af6d58c41fbdd6c650534e
pens,21,yes,perfect,"owner perfect pens_1; family listen_sp0.8; recipe in the batch renderer, not in these columns",batch 11 (2026-08-11),clip,af_heart,en-us,0.8,80,300,10,,no,no,0,0,0,no,,,,,,,,,,2b7513cb89add6c53383d96cdc24299957a9b5bb4095a98b226e555938f5ef53
pigs,21,yes,perfect,"owner perfect pigs_6; family listen_sp0.85; recipe in the batch renderer, not in these columns",batch 11 (2026-08-11),clip,af_heart,en-us,0.85,80,300,10,,no,no,0,0,0,no,,,,,,,,,,49587389a2d8dd5a2a28f234045e9119f0ab6311eb7583b6eb6952885e363631
pots,21,yes,perfect,"owner perfect pots_4; family listen_sp0.95; recipe in the batch renderer, not in these columns",batch 11 (2026-08-11),clip,af_heart,en-us,0.95,80,300,10,,no,no,0,0,0,no,,,,,,,,,,5daa74c2eff7d75eafe221c485137c8935eaa298c108eae609345e7b1687b4ad
romp,19,yes,perfect,"owner perfect romp_2; family again_sp0.85_front90; recipe in the batch renderer, not in these columns",batch 6 / 2026-08-07,clip,af_heart,en-us,0.85,80,300,10,,no,no,0,0,0,no,,,,,,,,,,b833af3b3bbfe4832cbeba8af5cc6595900dc583ee898f097fd259b90b55db6c
tops,21,yes,perfect,"owner perfect tops_2; family listen_sp0.8; recipe in the batch renderer, not in these columns",batch 12 (2026-08-11),clip,af_heart,en-us,0.8,80,300,10,,no,no,0,0,0,no,,,,,,,,,,e8998f2bd93723a21e76ce064ab729629258e13fc90ecdb10dfa583aa2328463
black,20,yes,perfect,"owner perfect black_8; family listen_sp1.0; recipe in the batch renderer, not in these columns",batch 15 / 2026-08-16,clip,af_heart,en-us,1.0,80,300,10,,no,no,0,0,0,no,,,,,,,,,,531c06505c276b151be39655e4eb44a4c0d9eedc0455a87b4854d9fac5bb2353
but,12,yes,perfect,"owner perfect but_8; family listen_sp0.9; recipe in the batch renderer, not in these columns",batch 15 / 2026-08-16,clip,af_heart,en-us,0.9,80,300,10,,no,no,0,0,0,no,,,,,,,,,,711e4841efb1a9bde9f9d1414173cafd78709b8795c5048b2d87641a4cf92131
fat,2,yes,perfect,"owner perfect fat_4; family listen_sp1.0; recipe in the batch renderer, not in these columns",batch 15 / 2026-08-16,clip,af_heart,en-us,1.0,80,300,10,,no,no,0,0,0,no,,,,,,,,,,8ad02ac557e8a3bdf55634bacf5d3c37c142544d32400d6650214421ee17d2a8
his,6,yes,perfect,"owner perfect his_2; family listen_sp0.8; recipe in the batch renderer, not in these columns",batch 15 / 2026-08-16,clip,af_heart,en-us,0.8,80,300,10,,no,no,0,0,0,no,,,,,,,,,,ec97f202fc2cc86570c6d401ace5575bfe9364f5e92d4d714d04ac12c3207f73
skip,20,yes,perfect,"owner perfect skip_1; family listen_sp0.95; recipe in the batch renderer, not in these columns",batch 15 / 2026-08-16,clip,af_heart,en-us,0.95,80,300,10,,no,no,0,0,0,no,,,,,,,,,,410e303b12e91093721e2770645e96def5e0856be1660db0cbbb82ca140596a8
think,19,yes,perfect,"owner perfect think_1; family listen_sp0.8; recipe in the batch renderer, not in these columns",batch 15 / 2026-08-16,clip,af_heart,en-us,0.8,80,300,10,,no,no,0,0,0,no,,,,,,,,,,2e942eba905ef36fcfd419fecc48f09184cea9a75b7eb9522dc9a4f1bb449c9f
went,19,yes,perfect,"owner perfect went_5; family listen_sp1.0; recipe in the batch renderer, not in these columns",batch 15 / 2026-08-16,clip,af_heart,en-us,1.0,80,300,10,,no,no,0,0,0,no,,,,,,,,,,16568c5744d68196be24e80e7147cac2df0ed8798db18670cb23f9591dd74ff8
will,17,yes,perfect,"owner perfect will_8; family listen_sp0.85; recipe in the batch renderer, not in these columns",batch 15 / 2026-08-16,clip,af_heart,en-us,0.85,80,300,10,,no,no,0,0,0,no,,,,,,,,,,6c01cc65bc54107d8c02655738bbdc84732b1e0e3bd9140ff4dfa6d7879baa5e
for,7,yes,perfect,"owner perfect for_1; family listen_sp0.7; recipe in the batch renderer, not in these columns",batch 17 / 2026-08-16,clip,af_heart,en-us,0.7,80,300,10,,no,no,0,0,0,no,,,,,,,,,,906e411aa1a832d6477330294599f82ccb8eea8adb97cc728ffa71e2664ad4c4
from,20,yes,perfect,"owner perfect from_8; family listen_sp0.85; recipe in the batch renderer, not in these columns",batch 17 / 2026-08-16,clip,af_heart,en-us,0.85,80,300,10,,no,no,0,0,0,no,,,,,,,,,,e4f8a1bfd79a77c37b1861592c55ca21254a71f92a1b30ec8904c5610a2409dc
out,5,yes,perfect,"owner perfect out_2; family listen_sp0.75; recipe in the batch renderer, not in these columns",batch 17 / 2026-08-16,clip,af_heart,en-us,0.75,80,300,10,,no,no,0,0,0,no,,,,,,,,,,967d414d6c7828e9c3266b3ea5f3ea8a284a1df193a16a69b8d30c917c6a9db4
there,19,yes,perfect,"owner perfect there_3; family solo_sp0.85; recipe in the batch renderer, not in these columns",batch 17 / 2026-08-16,clip,af_heart,en-us,0.85,80,300,10,,no,no,0,0,0,no,,,,,,,,,,485f1b36a3e175be8b59e5a33bdafb27661a8ccdf7414b585b7194708f9a0323
they,6,yes,perfect,"owner perfect they_3; family solo_sp0.85; recipe in the batch renderer, not in these columns",batch 17 / 2026-08-16,clip,af_heart,en-us,0.85,80,300,10,,no,no,0,0,0,no,,,,,,,,,,0104ae9f2bc8a89a17068056482b91986fe42f1cf23f1a49487ff20484206126
want,19,yes,perfect,"owner perfect want_1; family listen_sp0.75; recipe in the batch renderer, not in these columns",batch 17 / 2026-08-16,clip,af_heart,en-us,0.75,80,300,10,,no,no,0,0,0,no,,,,,,,,,,5d21d2251242ea6970066f85e875e637527694cdb584bcbe40d72532086118c8
which,18,yes,perfect,"owner perfect which_7; family listen_sp0.9; recipe in the batch renderer, not in these columns",batch 17 / 2026-08-16,clip,af_heart,en-us,0.9,80,300,10,,no,no,0,0,0,no,,,,,,,,,,1116551d2787df765092617e232a2a30c7bf58054feb0f612f5d98d478fe438a
are,,yes,perfect,"owner perfect are_3; family listen_sp0.7; recipe in the batch renderer, not in these columns; unseated: the bank names it, no level holds it yet",batch 21 round 1 / 2026-08-18,clip,af_heart,en-us,0.7,80,300,10,,no,no,0,0,0,no,,,,,,,,,,b8efddf7f3b1f4da91ada4b3d8a685931aecc4cd0a06c0a62081734602792676
were,,yes,perfect,"owner perfect were_4; family listen_sp0.8; recipe in the batch renderer, not in these columns; unseated: the bank names it, no level holds it yet",batch 21 round 15 / 2026-08-18,clip,af_heart,en-us,0.8,80,300,10,,no,no,0,0,0,no,,,,,,,,,,fafb91a4b392e1b0ef80c5beaeeaa2c6c1d0f79243579d05dffc4462ddb0b97c
as,,yes,perfect,"owner perfect as_9; family phoneme_sp0.7; recipe in the batch renderer, not in these columns; unseated: the bank names it, no level holds it yet",batch 20 / 2026-08-17,clip,af_heart,en-us,0.7,80,300,10,,no,no,0,0,0,no,,,,,,,,,,d543b25bb29483a69c2df4ddbb299e39aaf9e9f084464c99f00e6070a1a0b610
dough,,yes,perfect,"owner perfect dough_5; family listen_sp0.75; recipe in the batch renderer, not in these columns; unseated: the bank names it, no level holds it yet",batch 21 round 4 / 2026-08-18,clip,af_heart,en-us,0.75,80,300,10,,no,no,0,0,0,no,,,,,,,,,,99d67a42b643b0da8308723d1693acf8b1263659c277a11bf78cbc9d98ae97a1
month,,yes,perfect,"owner perfect month_1; family say_sp0.7; recipe in the batch renderer, not in these columns; unseated: the bank names it, no level holds it yet",R1 round 2 / 2026-08-19,clip,af_heart,en-us,0.7,80,300,10,,no,no,0,0,0,no,,,,,,,,,,133e2aafd976fc109c666a2d97dfaca5798d2b73e2ef5b903ee9c3f1b69f470a
though,,yes,perfect,"owner perfect though_s2; family pair2_sp0.7; recipe in the batch renderer, not in these columns; unseated: the bank names it, no level holds it yet",batch 21 round rescue2 / 2026-08-18,clip,af_heart,en-us,0.7,80,300,10,,no,no,0,0,0,no,,,,,,,,,,02e65cf88b4e3576f7aa6120874705810423cae278a421c580581bea558c6926
through,,yes,perfect,"owner perfect through_1; family listen_sp0.7; recipe in the batch renderer, not in these columns; unseated: the bank names it, no level holds it yet",batch 21 round 14 / 2026-08-18,clip,af_heart,en-us,0.7,80,300,10,,no,no,0,0,0,no,,,,,,,,,,3fb26afdaef567112f7259639fd1cfb319874cb577d928f589cb774b6263e996
find,,yes,perfect,"owner perfect find_3; family listen_sp0.8; recipe in the batch renderer, not in these columns; unseated: the bank names it, no level holds it yet",batch 18 / 2026-08-17,clip,af_heart,en-us,0.8,80,300,10,,no,no,0,0,0,no,,,,,,,,,,8750245c8e93199c10be28456fdafacf225fa4a0d05e19fc0dcdb1407ef6016e
hold,,yes,perfect,"owner perfect hold_3; family listen_sp0.8; recipe in the batch renderer, not in these columns; unseated: the bank names it, no level holds it yet",batch 18 / 2026-08-17,clip,af_heart,en-us,0.8,80,300,10,,no,no,0,0,0,no,,,,,,,,,,df84f61570a8e2dcf792d48d56c61aea60b21e1f87b8719647ab4a7517cacf61
into,,yes,perfect,"owner perfect into_3; family listen_sp0.8; recipe in the batch renderer, not in these columns; unseated: the bank names it, no level holds it yet",batch 18 / 2026-08-17,clip,af_heart,en-us,0.8,80,300,10,,no,no,0,0,0,no,,,,,,,,,,9900d7f9a6a3c43be7f1ed2f95f718298cb59a7ba4afecc45d8e62c410545bd1
old,,yes,perfect,"owner perfect old_4; family say_sp0.7; recipe in the batch renderer, not in these columns; unseated: the bank names it, no level holds it yet",batch 19 / 2026-08-17,clip,af_heart,en-us,0.7,80,300,10,,no,no,0,0,0,no,,,,,,,,,,4a9721b75fcbbcb0fd730345eb564c50d8ee26cd97f12a10e9109156b5e1933a
cough,,yes,perfect,"owner perfect cough_1; family say_sp0.7; recipe in the batch renderer, not in these columns; unseated: the bank names it, no level holds it yet",batch 21 round 3 / 2026-08-18,clip,af_heart,en-us,0.7,80,300,10,,no,no,0,0,0,no,,,,,,,,,,562ef7bad84922028ae0dd9dbd813f4be8124754c43a7ea48793fc96e8f2fc59
enough,,yes,perfect,"owner perfect enough_5; family listen_sp0.75; recipe in the batch renderer, not in these columns; unseated: the bank names it, no level holds it yet",batch 21 round 4 / 2026-08-18,clip,af_heart,en-us,0.75,80,300,10,,no,no,0,0,0,no,,,,,,,,,,ac75160d4bb1b8a5b72235eb5380e1a86eb71721226a81f09dfc57b0d32ecd97
rough,,yes,perfect,"owner perfect rough_6; family listen_sp0.8; recipe in the batch renderer, not in these columns; unseated: the bank names it, no level holds it yet",batch 21 round 11 / 2026-08-18,clip,af_heart,en-us,0.8,80,300,10,,no,no,0,0,0,no,,,,,,,,,,440664a70f1f948d0ac07747f1aa9535c76bd81e7851ff1f27d947493a175ffd
tough,,yes,perfect,"owner perfect tough_4; family listen_sp0.7; recipe in the batch renderer, not in these columns; unseated: the bank names it, no level holds it yet",batch 21 round 14 / 2026-08-18,clip,af_heart,en-us,0.7,80,300,10,,no,no,0,0,0,no,,,,,,,,,,c8f3344d11cb35165df463eeca7d51c9a4751fe14b0535070db5240e909cafbd
anchor,,yes,perfect,"owner perfect anchor_1; family here_sp0.7; recipe in the batch renderer, not in these columns; unseated: the bank names it, no level holds it yet",R1 round 1 / 2026-08-19,clip,af_heart,en-us,0.7,80,300,10,,no,no,0,0,0,no,,,,,,,,,,4091b89a15be039fc2d1071eec7cbc50531eaf96a87321244981123565087689
chorus,,yes,perfect,"owner perfect chorus_5; family solo_trimmed_sp0.7; recipe in the batch renderer, not in these columns; unseated: the bank names it, no level holds it yet",R1 round 1 / 2026-08-19,clip,af_heart,en-us,0.7,80,300,10,,no,no,0,0,0,no,,,,,,,,,,cbbca0ba2b8192e9e78a332592bcfb72b062615bcb0e120b9c653b8f1470950c
school,,yes,perfect,"owner perfect school_4; family solo_trimmed_sp0.7; recipe in the batch renderer, not in these columns; unseated: the bank names it, no level holds it yet",R1 round 2 / 2026-08-19,clip,af_heart,en-us,0.7,80,300,10,,no,no,0,0,0,no,,,,,,,,,,d931d89557275f76eabc4196b417443ca5505b06102e38083ced49b4a3571eac
come,,yes,perfect,"owner perfect come_4; family listen_sp0.7; recipe in the batch renderer, not in these columns; unseated: the bank names it, no level holds it yet",batch 21 round 3 / 2026-08-18,clip,af_heart,en-us,0.7,80,300,10,,no,no,0,0,0,no,,,,,,,,,,4fb9d8c173b5c68febd399a86e69bd94157a7752d5e4a38e7d9f28c9e2263b75
have,,yes,perfect,"owner perfect have_7; family listen_sp0.85; recipe in the batch renderer, not in these columns; unseated: the bank names it, no level holds it yet",batch 15 / 2026-08-16,clip,af_heart,en-us,0.85,80,300,10,,no,no,0,0,0,no,,,,,,,,,,8c2e650b6924c521bfc9250cd07406fe6ae5cf75b5155f462153b72bdff2632f
love,,yes,perfect,"owner perfect love_4; family listen_sp0.7; recipe in the batch renderer, not in these columns; unseated: the bank names it, no level holds it yet",batch 21 round 7 / 2026-08-18,clip,af_heart,en-us,0.7,80,300,10,,no,no,0,0,0,no,,,,,,,,,,e0698d2f9f5bad8af5724bd97c2134320621bba554efabb78b89cdd070049ece
some,,yes,perfect,"owner perfect some_5; family listen_sp0.75; recipe in the batch renderer, not in these columns; unseated: the bank names it, no level holds it yet",batch 21 round 12 / 2026-08-18,clip,af_heart,en-us,0.75,80,300,10,,no,no,0,0,0,no,,,,,,,,,,0ec8fd4dd0bddd4a568d72eb773b695649323a7ea15c11da4e6fadeb82b225ba
action,95,yes,perfect,"owner perfect action_1; family say_sp0.7; recipe in the batch renderer, not in these columns",batch 21 round 1 / 2026-08-18,clip,af_heart,en-us,0.7,80,300,10,,no,no,0,0,0,no,,,,,,,,,,5358a5eec990702d0872f4cd9eb63afe0b93dab707468e8f17ac22dc7fa3fb24
adventure,96,yes,perfect,"owner perfect adventure_6; family listen_sp0.8; recipe in the batch renderer, not in these columns",batch 21 round 1 / 2026-08-18,clip,af_heart,en-us,0.8,80,300,10,,no,no,0,0,0,no,,,,,,,,,,5f8654d602fc8b92661b64e8625a0e386ba6401237134d0947d8728f507cf4c7
all,56,yes,perfect,"owner perfect all_5; family listen_sp0.7_longtail; recipe in the batch renderer, not in these columns",batch 16 / 2026-08-16,clip,af_heart,en-us,0.7,80,300,10,,no,no,0,0,0,no,,,,,,,,,,789fa2ac5c62e5eb6e21bab1b05df2d09ad263b74d3c269f77e298b109a1c28b
alphabet,91,yes,perfect,"owner perfect alphabet_2; family say_sp0.75; recipe in the batch renderer, not in these columns",batch 21 round 1 / 2026-08-18,clip,af_heart,en-us,0.75,80,300,10,,no,no,0,0,0,no,,,,,,,,,,faaca7056dc2e894867e4c9a112739e22bfcb83e9b453a4fa3b1bfb2a96192c3
ancient,95,yes,perfect,"owner perfect ancient_3; family say_sp0.8; recipe in the batch renderer, not in these columns",batch 21 round 1 / 2026-08-18,clip,af_heart,en-us,0.8,80,300,10,,no,no,0,0,0,no,,,,,,,,,,5087c84c195e5dce0d0e7ac6ae3928f5b47819a97015d05ff30c9858ab2b18ba
animal,13,yes,perfect,"owner perfect animal_3; family say_sp0.8; recipe in the batch renderer, not in these columns",batch 21 round 1 / 2026-08-18,clip,af_heart,en-us,0.8,80,300,10,,no,no,0,0,0,no,,,,,,,,,,6509dcecf078f591ea0e8389d11419bc78f9675f213f8205c56944f2b3815512
another,38,yes,perfect,"owner perfect another_3; family say_sp0.8; recipe in the batch renderer, not in these columns",batch 21 round 1 / 2026-08-18,clip,af_heart,en-us,0.8,80,300,10,,no,no,0,0,0,no,,,,,,,,,,6970f6014c7ecf9e3adf19d6e19c064cdb12e50cc03a73dff3f813d4d9c0a2a3
apple,48,yes,perfect,"owner perfect apple_3; family listen_sp0.7; recipe in the batch renderer, not in these columns",batch 21 round 1 / 2026-08-18,clip,af_heart,en-us,0.7,80,300,10,,no,no,0,0,0,no,,,,,,,,,,09abdc53e3be739526a346e47527867398548128d4d173b6a38acbe9a3dec195
apron,72,yes,perfect,"owner perfect apron_1; family word_sp0.7; recipe in the batch renderer, not in these columns",round 15 / 2026-08-20,clip,af_heart,en-us,0.7,80,300,10,,no,no,0,0,0,no,,,,,,,,,,969515cfd98f4a6577b0b7b34b66b53b69c17cb36182ff05d04b975737f56eed
arm,79,yes,perfect,"owner perfect arm_4; family listen_sp0.7; recipe in the batch renderer, not in these columns",batch 21 round 1 / 2026-08-18,clip,af_heart,en-us,0.7,80,300,10,,no,no,0,0,0,no,,,,,,,,,,bb68f16d1166a2cc4ac43ebfde54c9bc750f945779fd20903b78b25e799e4d19
around,79,yes,perfect,"owner perfect around_2; family say_sp0.75; recipe in the batch renderer, not in these columns",batch 21 round 1 / 2026-08-18,clip,af_heart,en-us,0.75,80,300,10,,no,no,0,0,0,no,,,,,,,,,,3fdc9a3b73723ae693b5571fb59c831a1d3a14b90b66b434047efda8aa7331b5
asked,43,yes,perfect,"owner perfect asked_3; family say_sp0.8; recipe in the batch renderer, not in these columns",batch 21 round 1 / 2026-08-18,clip,af_heart,en-us,0.8,80,300,10,,no,no,0,0,0,no,,,,,,,,,,4bf9ce422a1bb3b7c8f9d49a3488bc55d42dd7ef51b75a97e6fdb04c72bde4b4
ate,57,yes,perfect,"owner perfect ate_5; family listen_sp0.75; recipe in the batch renderer, not in these columns",batch 20 / 2026-08-17,clip,af_heart,en-us,0.75,80,300,10,,no,no,0,0,0,no,,,,,,,,,,399a3f507f50d9fd8c45e23d3b37407e3fec831379d90f33de69bd3414645477
away,82,yes,perfect,"owner perfect away_4; family listen_sp0.7; recipe in the batch renderer, not in these columns",batch 21 round 1 / 2026-08-18,clip,af_heart,en-us,0.7,80,300,10,,no,no,0,0,0,no,,,,,,,,,,cabe21119ad388d245717ca817abc5b0934f8ad364aa0b780858b92f01422f5d
awful,98,yes,perfect,"owner perfect awful_3; family listen_sp0.75; recipe in the batch renderer, not in these columns",R1 round 1 / 2026-08-19,clip,af_heart,en-us,0.75,80,300,10,,no,no,0,0,0,no,,,,,,,,,,99de86763d631515543d9c1ccc841af281a480a3a9c785a6be4c9f893b188213
babies,63,yes,perfect,"owner perfect babies_3; family say_sp0.8; recipe in the batch renderer, not in these columns",batch 21 round 1 / 2026-08-18,clip,af_heart,en-us,0.8,80,300,10,,no,no,0,0,0,no,,,,,,,,,,882dc9fcc2777e7bba82be4382653623987bd879675cde58e12a62b3cea5b2ca
baby,72,yes,perfect,"owner perfect baby_5; family listen_sp0.75; recipe in the batch renderer, not in these columns",R1 round 1 / 2026-08-19,clip,af_heart,en-us,0.75,80,300,10,,no,no,0,0,0,no,,,,,,,,,,550edb1832f978fe8d4d2a4dac014c78b102c02a4547d5945e45d31e68f7a7e4
backpack,39,yes,perfect,"owner perfect backpack_4; family listen_sp0.7; recipe in the batch renderer, not in these columns",batch 21 round 1 / 2026-08-18,clip,af_heart,en-us,0.7,80,300,10,,no,no,0,0,0,no,,,,,,,,,,1618b039b1675856049760d7a5fcab94ceea09f6a45b532069bf3b1b84a21981
bacon,72,yes,perfect,"owner perfect bacon_4; family listen_sp0.8; recipe in the batch renderer, not in these columns",R1 round 1 / 2026-08-19,clip,af_heart,en-us,0.8,80,300,10,,no,no,0,0,0,no,,,,,,,,,,fdb38e2ce1d7f164cb771c6083f04f36a183a0ebee6a45efe5334ef08fe2c59f
badge,88,yes,perfect,"owner perfect badge_t2; family phcar_sp0.7; recipe in the batch renderer, not in these columns",batch 21 round rescue3 / 2026-08-18,clip,af_heart,en-us,0.7,80,300,10,,no,no,0,0,0,no,,,,,,,,,,048365da6e355371ad99cde18eb8a082358e461444193db3526f591a0ae29e26
banana,54,yes,perfect,"owner perfect banana_c10; family say_sp0.9; recipe in the batch renderer, not in these columns",batch 21 round c1 / 2026-08-18,clip,af_heart,en-us,0.9,80,300,10,,no,no,0,0,0,no,,,,,,,,,,10da8ccd3688558cc3b86420fc6067708d069c146c9f249da6245cd99bca8bb2
bank,31,yes,perfect,"owner perfect bank_1; family listen_sp0.7; recipe in the batch renderer, not in these columns",batch 16 / 2026-08-16,clip,af_heart,en-us,0.7,80,300,10,,no,no,0,0,0,no,,,,,,,,,,875f0cad8823a45dca1b8bceb39e97a017ffbfe4dd1465c59a71024d39252110
barn,79,yes,perfect,"owner perfect barn_3; family say_sp0.8; recipe in the batch renderer, not in these columns",batch 21 round 1 / 2026-08-18,clip,af_heart,en-us,0.8,80,300,10,,no,no,0,0,0,no,,,,,,,,,,978a7f668205dd6f8425299fcc490420a144cb62389626db737bd16e06c4c34d
bathtub,24,yes,perfect,"owner perfect bathtub_4; family listen_sp0.7; recipe in the batch renderer, not in these columns",batch 21 round 1 / 2026-08-18,clip,af_heart,en-us,0.7,80,300,10,,no,no,0,0,0,no,,,,,,,,,,2600fc710192c64e9594fa4edc00a9c526068c6a87cbfabee5ebc3706705da3b
behind,68,yes,perfect,"owner perfect behind_2; family say_sp0.75; recipe in the batch renderer, not in these columns",batch 21 round 1 / 2026-08-18,clip,af_heart,en-us,0.75,80,300,10,,no,no,0,0,0,no,,,,,,,,,,c6bcadb1665a49c19611fde6ae1ac885e26e485b81a2e3d1d66e0fcb24012c4e
belts,32,yes,perfect,"owner perfect belts_1; family say_sp0.7; recipe in the batch renderer, not in these columns",R1 round 1 / 2026-08-19,clip,af_heart,en-us,0.7,80,300,10,,no,no,0,0,0,no,,,,,,,,,,d2d7a80db255ab09664d7879c79d0484c1d458d5a9da30672fbd8102a161f7d4
bench,23,yes,perfect,"owner perfect bench_1; family say_sp0.7; recipe in the batch renderer, not in these columns",R1 round 1 / 2026-08-19,clip,af_heart,en-us,0.7,80,300,10,,no,no,0,0,0,no,,,,,,,,,,42d6896f3978c9f3d1bd5c5609e62603572b829d7f2f224430bc65a7a4924532
benches,23,yes,perfect,"owner perfect benches_3; family say_sp0.8; recipe in the batch renderer, not in these columns",batch 21 round 1 / 2026-08-18,clip,af_heart,en-us,0.8,80,300,10,,no,no,0,0,0,no,,,,,,,,,,c811ed6bae98c75275809ba7f578894ba1dd3c658ddfa36eae6167b379f039c2
besides,54,yes,perfect,"owner perfect besides_1; family listen_sp0.8; recipe in the batch renderer, not in these columns",batch 15 / 2026-08-16,clip,af_heart,en-us,0.8,80,300,10,,no,no,0,0,0,no,,,,,,,,,,30d2b30d33589bc52ffbb6ae7edd35d71e97b6b38ffce3bdf7874ac0312c4578
biggest,46,yes,perfect,"owner perfect biggest_1; family say_sp0.7; recipe in the batch renderer, not in these columns",batch 21 round 1 / 2026-08-18,clip,af_heart,en-us,0.7,80,300,10,,no,no,0,0,0,no,,,,,,,,,,2eec4d01bfa218379f02ff723762c4720cfae88210b0ef7baa70af3e7982df5d
bill,21,yes,perfect,"owner perfect bill_1; family listen_sp0.7; recipe in the batch renderer, not in these columns",batch 18 / 2026-08-17,clip,af_heart,en-us,0.7,80,300,10,,no,no,0,0,0,no,,,,,,,,,,a7efcee81065b8091e785f07331906462d56603777b19c31469d582af2525088
bird,83,yes,perfect,"owner perfect bird_4; family listen_sp0.7; recipe in the batch renderer, not in these columns",batch 21 round 1 / 2026-08-18,clip,af_heart,en-us,0.7,80,300,10,,no,no,0,0,0,no,,,,,,,,,,63b2c528b808b5287666e1f0a068b4ced5d38836fedd909a0e5f38424d062052
birds,83,yes,perfect,"owner perfect birds_6; family say_sp0.8; recipe in the batch renderer, not in these columns",batch 15 / 2026-08-16,clip,af_heart,en-us,0.8,80,300,10,,no,no,0,0,0,no,,,,,,,,,,e201e2f29c78a61b204306254d4ba81a7797edcc3b19dc5953231787f2254262
bite,66,yes,perfect,"owner perfect bite_4; family listen_sp0.7; recipe in the batch renderer, not in these columns",batch 21 round 1 / 2026-08-18,clip,af_heart,en-us,0.7,80,300,10,,no,no,0,0,0,no,,,,,,,,,,1597595aea323eddbca212b4f2e74820af20d6fb15e8f314790ed88195e6b2fd
biting,73,yes,perfect,"owner perfect biting_5; family listen_sp0.75; recipe in the batch renderer, not in these columns",batch 21 round 1 / 2026-08-18,clip,af_heart,en-us,0.75,80,300,10,,no,no,0,0,0,no,,,,,,,,,,b329c28ceed49726780cf5ce323c6e6901671dfcdc9d84d62b7a80d947db691f
blend,35,yes,perfect,"owner perfect blend_3; family say_sp0.8; recipe in the batch renderer, not in these columns",R1 round 1 / 2026-08-19,clip,af_heart,en-us,0.8,80,300,10,,no,no,0,0,0,no,,,,,,,,,,c1820f8762ee2bfdf5103916ce2903066c2c72aa43784820ccb2b4dda997cb14
blind,35,yes,perfect,"owner perfect blind_6; family listen_sp0.8; recipe in the batch renderer, not in these columns",batch 21 round 1 / 2026-08-18,clip,af_heart,en-us,0.8,80,300,10,,no,no,0,0,0,no,,,,,,,,,,51a44871317e840dc0cb567ab35688c0c35245621cab40873d1795377262c20e
blue,76,yes,perfect,"owner perfect blue_2; family listen_sp0.75; recipe in the batch renderer, not in these columns",batch 21 round 1 / 2026-08-18,clip,af_heart,en-us,0.75,80,300,10,,no,no,0,0,0,no,,,,,,,,,,22a1b4028ded20d337dd8afc1f39752f1ad250b0d56acca134f5ce121c84dfea
boil,78,yes,perfect,"owner perfect boil_2; family say_sp0.75; recipe in the batch renderer, not in these columns",batch 21 round 1 / 2026-08-18,clip,af_heart,en-us,0.75,80,300,10,,no,no,0,0,0,no,,,,,,,,,,7c11922ec11cc6027e17a176965c8531d648962576d10b2336718388dc07c3f7
book,75,yes,perfect,"owner perfect book_2; family say_sp0.75; recipe in the batch renderer, not in these columns",batch 21 round 1 / 2026-08-18,clip,af_heart,en-us,0.75,80,300,10,,no,no,0,0,0,no,,,,,,,,,,5f6dcfc3aaf41274a88de8c718248c69f21d3a813b7d9ef77c6d959b9aa6ec38
born,81,yes,perfect,"owner perfect born_8; family solo_trimmed_sp0.8; recipe in the batch renderer, not in these columns",batch 21 round 1 / 2026-08-18,clip,af_heart,en-us,0.8,80,300,10,,no,no,0,0,0,no,,,,,,,,,,8263f42d6c7c5d8b0d238eaa976ce65ba4f554fbcf735fbd62a75b6c11c9ba36
bought,92,yes,perfect,"owner perfect bought_4; family listen_sp0.7; recipe in the batch renderer, not in these columns",batch 21 round 1 / 2026-08-18,clip,af_heart,en-us,0.7,80,300,10,,no,no,0,0,0,no,,,,,,,,,,6b5d31689ade16e4cf18c4475a13e940eff9210405a55a3c7343d3a7b92bd71c
boxes,47,yes,perfect,"owner perfect boxes_4; family listen_sp0.7; recipe in the batch renderer, not in these columns",batch 21 round 2 / 2026-08-18,clip,af_heart,en-us,0.7,80,300,10,,no,no,0,0,0,no,,,,,,,,,,573047f7a240a3e3502cfcfbfd9c5beeb56d29622ca36be2bbc16837310ac8f8
boy,78,yes,perfect,"owner perfect boy_s8; family primed_sp0.6; recipe in the batch renderer, not in these columns",batch 21 round rescue2 / 2026-08-18,clip,af_heart,en-us,0.6,80,300,10,,no,no,0,0,0,no,,,,,,,,,,5c9b98240152072d7612a2a0fa0ebaad38d12dfc0e9ca73b533b5aa8d01a8cd0
branches,23,yes,perfect,"owner perfect branches_4; family listen_sp0.7; recipe in the batch renderer, not in these columns",batch 21 round 2 / 2026-08-18,clip,af_heart,en-us,0.7,80,300,10,,no,no,0,0,0,no,,,,,,,,,,4a8a41094f84fe631abada0f43ababc57febf704b6ec1c7a42af2aa4d395b9fb
bread,69,yes,perfect,"owner perfect bread_2; family say_sp0.75; recipe in the batch renderer, not in these columns",R1 round 1 / 2026-08-19,clip,af_heart,en-us,0.75,80,300,10,,no,no,0,0,0,no,,,,,,,,,,40b9868107b6220d65e4ac44c7dfd726286e45091ed604aab36578a9db80529c
breakfast,69,yes,perfect,"owner perfect breakfast_2; family say_sp0.75; recipe in the batch renderer, not in these columns",R1 round 1 / 2026-08-19,clip,af_heart,en-us,0.75,80,300,10,,no,no,0,0,0,no,,,,,,,,,,299cc1c6d924eea98069704ef6e316c359d39efd901f8aec4b348c0ea6129599
bridge,88,yes,perfect,"owner perfect bridge_4; family listen_sp0.7; recipe in the batch renderer, not in these columns",batch 21 round 2 / 2026-08-18,clip,af_heart,en-us,0.7,80,300,10,,no,no,0,0,0,no,,,,,,,,,,dfda9082d1f163b429e701e22a0f1b291349d26cae920b1f4960ea5d099c9a3d
brief,63,yes,perfect,"owner perfect brief_3; family say_sp0.8; recipe in the batch renderer, not in these columns",batch 21 round 2 / 2026-08-18,clip,af_heart,en-us,0.8,80,300,10,,no,no,0,0,0,no,,,,,,,,,,68b6285904026b42a88efef6ca6b46757e711560dd92116746ec23a8f61e209d
bright,67,yes,perfect,"owner perfect bright_1; family say_sp0.7; recipe in the batch renderer, not in these columns",batch 21 round 2 / 2026-08-18,clip,af_heart,en-us,0.7,80,300,10,,no,no,0,0,0,no,,,,,,,,,,2498597a2c1363e8c50bcfea04f0fdc48d28f767b8eac283c1caa5730c95a429
bring,28,yes,perfect,"owner perfect bring_2; family say_sp0.75; recipe in the batch renderer, not in these columns",batch 21 round 2 / 2026-08-18,clip,af_heart,en-us,0.75,80,300,10,,no,no,0,0,0,no,,,,,,,,,,06a387fa390082b558960c74bc63bda4576e5e6234ac43af124a377ce9073d9e
broke,64,yes,perfect,"owner perfect broke_5; family listen_sp0.75; recipe in the batch renderer, not in these columns",batch 21 round 2 / 2026-08-18,clip,af_heart,en-us,0.75,80,300,10,,no,no,0,0,0,no,,,,,,,,,,f22f8604a0df6f93d4260a1c21eb94b7c9f880a4f7da84c08ae8d13f80601c6e
brother,25,yes,perfect,"owner perfect brother_3; family say_sp0.8; recipe in the batch renderer, not in these columns",batch 21 round 2 / 2026-08-18,clip,af_heart,en-us,0.8,80,300,10,,no,no,0,0,0,no,,,,,,,,,,5bf074a6a036a2189108c4a526ec1b3b053d18c87353e9d95b7bce0c4c338704
brought,92,yes,perfect,"owner perfect brought_5; family listen_sp0.8; recipe in the batch renderer, not in these columns",batch 21 round 2 / 2026-08-18,clip,af_heart,en-us,0.8,80,300,10,,no,no,0,0,0,no,,,,,,,,,,0491ba07cba0e5e9b150f6244a70cd4c5fe256201aefaaebae03b0c8aa10d950
brush,22,yes,perfect,"owner perfect brush_1; family listen_sp0.7; recipe in the batch renderer, not in these columns",batch 18 / 2026-08-17,clip,af_heart,en-us,0.7,80,300,10,,no,no,0,0,0,no,,,,,,,,,,6afa266005a1664d320149e33f175779f4aac2630d86689e91758b3626671c96
brushed,43,yes,perfect,"owner perfect brushed_4; family listen_sp0.7; recipe in the batch renderer, not in these columns",batch 21 round 2 / 2026-08-18,clip,af_heart,en-us,0.7,80,300,10,,no,no,0,0,0,no,,,,,,,,,,9a9c07f78f06efa8289e4805d5081207a9369022dbe5c737241b4b1a29e4e1e4
brushes,47,yes,perfect,"owner perfect brushes_3; family say_sp0.8; recipe in the batch renderer, not in these columns",batch 21 round 2 / 2026-08-18,clip,af_heart,en-us,0.8,80,300,10,,no,no,0,0,0,no,,,,,,,,,,e86596a3dcbcacb31605f18ddf2590138dcbc19a26fd67306d1dd86b8951dfc5
brushing,37,yes,perfect,"owner perfect brushing_3; family say_sp0.8; recipe in the batch renderer, not in these columns",batch 21 round 2 / 2026-08-18,clip,af_heart,en-us,0.8,80,300,10,,no,no,0,0,0,no,,,,,,,,,,3f1859c1329cea5af8204397fc8fcb8299524eda0e39eec89d1623fa13cb09c5
bubble,48,yes,perfect,"owner perfect bubble_5; family listen_sp0.75; recipe in the batch renderer, not in these columns",batch 21 round 2 / 2026-08-18,clip,af_heart,en-us,0.75,80,300,10,,no,no,0,0,0,no,,,,,,,,,,2586244d96177fbf42917d24cff1d65e9388d71765fd2682fc2972eef9752904
bucket,42,yes,perfect,"owner perfect bucket_2; family word_sp0.7; recipe in the batch renderer, not in these columns",R1 round 1 / 2026-08-19,clip,af_heart,en-us,0.7,80,300,10,,no,no,0,0,0,no,,,,,,,,,,a67362bc564f2b20b0b9d1864b40d06aca982b52226177eb59408e453d0af8fe
burn,83,yes,perfect,"owner perfect burn_3; family say_sp0.8; recipe in the batch renderer, not in these columns",batch 21 round 2 / 2026-08-18,clip,af_heart,en-us,0.8,80,300,10,,no,no,0,0,0,no,,,,,,,,,,77c759fc42feda074c83a9495597c28580e9a4fd4e703f17f798d16f3390e5a3
buses,41,yes,perfect,"owner perfect buses_3; family say_sp0.8; recipe in the batch renderer, not in these columns",batch 21 round 2 / 2026-08-18,clip,af_heart,en-us,0.8,80,300,10,,no,no,0,0,0,no,,,,,,,,,,ff8873639c4c7f56450502bdc94867a7ac0be219db1af35e7984cb598bd17aac
bustle,93,yes,perfect,"owner perfect bustle_2; family say_sp0.75; recipe in the batch renderer, not in these columns",batch 21 round 2 / 2026-08-18,clip,af_heart,en-us,0.75,80,300,10,,no,no,0,0,0,no,,,,,,,,,,ade4e2f10da4e9079771c99f5cad044aacb2367588c027e74532926b07a6fe47
butter,46,yes,perfect,"owner perfect butter_6; family listen_sp0.8; recipe in the batch renderer, not in these columns",batch 21 round 2 / 2026-08-18,clip,af_heart,en-us,0.8,80,300,10,,no,no,0,0,0,no,,,,,,,,,,1b30c762b2f454044855c1b0ff11831eca721e7d3975366dc2419f2bb01798b1
butterfly,52,yes,perfect,"owner perfect butterfly_3; family say_sp0.8; recipe in the batch renderer, not in these columns",batch 21 round 2 / 2026-08-18,clip,af_heart,en-us,0.8,80,300,10,,no,no,0,0,0,no,,,,,,,,,,d926c1e29f411c6a29c0ff1500bd7f11ef2325f34a24baf63352794f16b2e5a0
buzzed,44,yes,perfect,"owner perfect buzzed_1; family say_sp0.7; recipe in the batch renderer, not in these columns",R1 round 1 / 2026-08-19,clip,af_heart,en-us,0.7,80,300,10,,no,no,0,0,0,no,,,,,,,,,,829c486180d4e0e4f60a18d47e0178c2f8a8de56939e6933a740faba1b79c963
by,52,yes,perfect,"owner perfect by_4; family listen_sp0.7; recipe in the batch renderer, not in these columns",batch 21 round 2 / 2026-08-18,clip,af_heart,en-us,0.7,80,300,10,,no,no,0,0,0,no,,,,,,,,,,3ea76c29c11637bb2274f2c5f4e2f859e21dfc6ba82e5a1097af99268ae07651
cake,57,yes,perfect,"owner perfect cake_5; family listen_sp0.75; recipe in the batch renderer, not in these columns",batch 20 / 2026-08-17,clip,af_heart,en-us,0.75,80,300,10,,no,no,0,0,0,no,,,,,,,,,,a8042249bfaee75b6f892a02121246d0f57623305975c6006b67f143a2505aa3
cakes,57,yes,perfect,"owner perfect cakes_2; family listen_sp0.75; recipe in the batch renderer, not in these columns",batch 18 / 2026-08-17,clip,af_heart,en-us,0.75,80,300,10,,no,no,0,0,0,no,,,,,,,,,,554e5f034d27f430784d920ca66604045b0888c371fe1e656509891f9cd92d03
came,57,yes,perfect,"owner perfect came_4; family listen_sp0.7; recipe in the batch renderer, not in these columns",batch 20 / 2026-08-17,clip,af_heart,en-us,0.7,80,300,10,,no,no,0,0,0,no,,,,,,,,,,eb652c38c033486c4debdfb94b415174502403744a9c5c6e3f6157eb7d5bc2cd
candle,48,yes,perfect,"owner perfect candle_1; family say_sp0.7; recipe in the batch renderer, not in these columns",batch 21 round 2 / 2026-08-18,clip,af_heart,en-us,0.7,80,300,10,,no,no,0,0,0,no,,,,,,,,,,4b76d5c1c931ffddd0af69fe0eed36bf8bb04533e92a138351eff9f302637582
capture,96,yes,perfect,"owner perfect capture_2; family say_sp0.75; recipe in the batch renderer, not in these columns",batch 21 round 2 / 2026-08-18,clip,af_heart,en-us,0.75,80,300,10,,no,no,0,0,0,no,,,,,,,,,,4247c93a1d0f610f650a3d4d35d514cb15e40738fe4103a83add2fff88b4b8c5
car,79,yes,perfect,"owner perfect car_4; family listen_sp0.7; recipe in the batch renderer, not in these columns",batch 21 round 2 / 2026-08-18,clip,af_heart,en-us,0.7,80,300,10,,no,no,0,0,0,no,,,,,,,,,,ce3e61b4311fee26e343dd3006fc5182b6a151959c5b069ec5ac9f08ad6116ef
card,79,yes,perfect,"owner perfect card_4; family listen_sp0.7; recipe in the batch renderer, not in these columns",batch 21 round 2 / 2026-08-18,clip,af_heart,en-us,0.7,80,300,10,,no,no,0,0,0,no,,,,,,,,,,4fce609c52d2d32945d7eca7404d2235f8574aae9bfc0d814273e3d435cb5b33
careful,85,yes,perfect,"owner perfect careful_1; family say_sp0.7; recipe in the batch renderer, not in these columns",batch 21 round 2 / 2026-08-18,clip,af_heart,en-us,0.7,80,300,10,,no,no,0,0,0,no,,,,,,,,,,a91c5850577cfb3e71c7cd4ad7cb1542409ccda773ab84e6457f2e4ad89e63fa
careless,85,yes,perfect,"owner perfect careless_4; family listen_sp0.7; recipe in the batch renderer, not in these columns",batch 21 round 2 / 2026-08-18,clip,af_heart,en-us,0.7,80,300,10,,no,no,0,0,0,no,,,,,,,,,,8f2b6f1dd9e35b6288e94b34e2775562c55ae7a9aa8b29b86375d4b64aff8565
cars,79,yes,perfect,"owner perfect cars_5; family listen_sp0.75; recipe in the batch renderer, not in these columns",batch 21 round 2 / 2026-08-18,clip,af_heart,en-us,0.75,80,300,10,,no,no,0,0,0,no,,,,,,,,,,89d9890c1d96d537b9d715eeafddab68514f9c675c6a4c6f55f8cc271e33eda7
castle,93,yes,perfect,"owner perfect castle_4; family listen_sp0.7; recipe in the batch renderer, not in these columns",batch 21 round 2 / 2026-08-18,clip,af_heart,en-us,0.7,80,300,10,,no,no,0,0,0,no,,,,,,,,,,59bfd37bfd953b55781fd4ca7b53d4934ae7dd3f08183f5ce472dcb5789c9fe4
catch,88,yes,perfect,"owner perfect catch_6; family listen_sp0.85; recipe in the batch renderer, not in these columns",batch 15 / 2026-08-16,clip,af_heart,en-us,0.85,80,300,10,,no,no,0,0,0,no,,,,,,,,,,4fc751b6c2764df3a05bb1563750308bd9cb60fdd96472b5a320395386b65156
catnip,4,yes,perfect,"owner perfect catnip_1; family listen_sp0.8; recipe in the batch renderer, not in these columns",batch 11 (2026-08-11),clip,af_heart,en-us,0.8,80,300,10,,no,no,0,0,0,no,,,,,,,,,,000768c8b3b22edd3a1b7df6aa712d6919a198ff6727f9492d742d433b265c95
caught,82,yes,perfect,"owner perfect caught_4; family listen_sp0.7; recipe in the batch renderer, not in these columns",batch 21 round 2 / 2026-08-18,clip,af_heart,en-us,0.7,80,300,10,,no,no,0,0,0,no,,,,,,,,,,97dcf7fa0bf2e6688e882f27633dfdbee6f19a6b6f9b1868c96e22211809278b
cent,87,yes,perfect,"owner perfect cent_1; family say_sp0.7; recipe in the batch renderer, not in these columns",R1 round 1 / 2026-08-19,clip,af_heart,en-us,0.7,80,300,10,,no,no,0,0,0,no,,,,,,,,,,7dc25ba6c6135814a219f5ca7a8b7c9ec444e550b37d3c5df46ff549b7fe7c57
charm,79,yes,perfect,"owner perfect charm_2; family say_sp0.75; recipe in the batch renderer, not in these columns",batch 21 round 2 / 2026-08-18,clip,af_heart,en-us,0.75,80,300,10,,no,no,0,0,0,no,,,,,,,,,,0975f7d9a9d35cbc336057c9d9b3839fd332ab813c0b479394ceeda5bb9524d8
cheerful,98,yes,perfect,"owner perfect cheerful_3; family say_sp0.8; recipe in the batch renderer, not in these columns",R1 round 1 / 2026-08-19,clip,af_heart,en-us,0.8,80,300,10,,no,no,0,0,0,no,,,,,,,,,,45b8c84138c67beaaf00a3d8545198b0b253b828a7567c9d8d13dfa5f5f8e7b2
chest,23,yes,perfect,"owner perfect chest_6; family listen_sp0.8; recipe in the batch renderer, not in these columns",R1 round 1 / 2026-08-19,clip,af_heart,en-us,0.8,80,300,10,,no,no,0,0,0,no,,,,,,,,,,0f56eb525c7e2b1c2e947c95b3ec3c8b8a4eb802c9bdc85b7bebc11cb2365c95
chicken,42,yes,perfect,"owner perfect chicken_1; family say_sp0.8; recipe in the batch renderer, not in these columns",R1 round 1 / 2026-08-19,clip,af_heart,en-us,0.8,80,300,10,,no,no,0,0,0,no,,,,,,,,,,6cadfc9767e8a547d3b1d1156fc9c4a87207074efea59775cc1aa088434371dc
chicks,26,yes,perfect,"owner perfect chicks_3; family listen_sp0.8; recipe in the batch renderer, not in these columns",batch 21 round 3 / 2026-08-18,clip,af_heart,en-us,0.8,80,300,10,,no,no,0,0,0,no,,,,,,,,,,336b7a9366a25c952aff3307bda4e57a6c00ae27c59b3a5750ca92b59eacff49
chief,63,yes,perfect,"owner perfect chief_3; family say_sp0.8; recipe in the batch renderer, not in these columns",batch 21 round 3 / 2026-08-18,clip,af_heart,en-us,0.8,80,300,10,,no,no,0,0,0,no,,,,,,,,,,720cf49202c5aa68f0d8cce6a5c8136e5e15f0fe2f937ec1e20132fceab6971d
child,68,yes,perfect,"owner perfect child_2; family say_sp0.75; recipe in the batch renderer, not in these columns",batch 21 round 3 / 2026-08-18,clip,af_heart,en-us,0.75,80,300,10,,no,no,0,0,0,no,,,,,,,,,,84235fe896a96e17c3a2250d36c5e565855adefed922c166f3a05e164677e5dd
chilled,44,yes,perfect,"owner perfect chilled_5; family listen_sp0.75; recipe in the batch renderer, not in these columns",R1 round 1 / 2026-08-19,clip,af_heart,en-us,0.75,80,300,10,,no,no,0,0,0,no,,,,,,,,,,e165df4571948d67e16b89f17c0658dc2dc17658c33d676ad36bd3a92c0b9bf5
chipmunk,42,yes,perfect,"owner perfect chipmunk_2; family solo_trimmed_sp0.8; recipe in the batch renderer, not in these columns",R1 round 1 / 2026-08-19,clip,af_heart,en-us,0.8,80,300,10,,no,no,0,0,0,no,,,,,,,,,,f088bfa8b877562267d7cb44e201731dfb960a045990bc9c97038c9bccf91fad
church,83,yes,perfect,"owner perfect church_2; family say_sp0.75; recipe in the batch renderer, not in these columns",batch 21 round 3 / 2026-08-18,clip,af_heart,en-us,0.75,80,300,10,,no,no,0,0,0,no,,,,,,,,,,5a4ba92c444e69eb16352e39e9fa686b541ddc3945a2a07e55ef67be8bd68481
circle,87,yes,perfect,"owner perfect circle_1; family say_sp0.7; recipe in the batch renderer, not in these columns",R1 round 1 / 2026-08-19,clip,af_heart,en-us,0.7,80,300,10,,no,no,0,0,0,no,,,,,,,,,,0ba716d2535dc15a8c1e613b3932de477c7b35c1865942a28513b9976d69486f
circus,87,yes,perfect,"owner perfect circus_2; family say_sp0.8; recipe in the batch renderer, not in these columns",R1 round 1 / 2026-08-19,clip,af_heart,en-us,0.8,80,300,10,,no,no,0,0,0,no,,,,,,,,,,0e395e3d39ca073e753c5a9bf19989931e3701d234eea4fe9d6ca2ebb1ec87c3
cities,87,yes,perfect,"owner perfect cities_1; family say_sp0.7; recipe in the batch renderer, not in these columns",batch 21 round 3 / 2026-08-18,clip,af_heart,en-us,0.7,80,300,10,,no,no,0,0,0,no,,,,,,,,,,5c53aa67ec395325623978c154cb004fbae73afe454faacde3db8987567ab21b
city,87,yes,perfect,"owner perfect city_5; family listen_sp0.75; recipe in the batch renderer, not in these columns",R1 round 1 / 2026-08-19,clip,af_heart,en-us,0.75,80,300,10,,no,no,0,0,0,no,,,,,,,,,,97463e703a849fc7ffdf9f6a3168631d9466c3f789481247d235abfd3232bae0
claw,82,yes,perfect,"owner perfect claw_1; family say_sp0.7; recipe in the batch renderer, not in these columns",batch 21 round 3 / 2026-08-18,clip,af_heart,en-us,0.7,80,300,10,,no,no,0,0,0,no,,,,,,,,,,b01b48b28f92032d8d1903eacb636db2b4e5c7eb3689031dd05dcc3cb13ca6e7
climb,89,yes,perfect,"owner perfect climb_1; family say_sp0.7; recipe in the batch renderer, not in these columns",batch 21 round 3 / 2026-08-18,clip,af_heart,en-us,0.7,80,300,10,,no,no,0,0,0,no,,,,,,,,,,c2b84951551d2272291703936bc8417b5fd73ca012234175d51806b00f1da8ca
cloth,24,yes,perfect,"owner perfect cloth_1; family say_sp0.7; recipe in the batch renderer, not in these columns",R1 round 1 / 2026-08-19,clip,af_heart,en-us,0.7,80,300,10,,no,no,0,0,0,no,,,,,,,,,,5a29ec926054172b9d531de4ab8dd066f8293a027975541a42cc21c8f2be72c9
clue,76,yes,perfect,"owner perfect clue_4; family listen_sp0.7; recipe in the batch renderer, not in these columns",batch 21 round 3 / 2026-08-18,clip,af_heart,en-us,0.7,80,300,10,,no,no,0,0,0,no,,,,,,,,,,79ade44b3e784f066232b2ac954205cf5d5b4b5815677229fafd6d21f4303090
coat,64,yes,perfect,"owner perfect coat_1; family listen_sp0.7; recipe in the batch renderer, not in these columns",batch 18 / 2026-08-17,clip,af_heart,en-us,0.7,80,300,10,,no,no,0,0,0,no,,,,,,,,,,be5d6d21037bb740bb19c2ef7dd82959b54d1f0b29a6a67fe1f65101b4cb596e
coats,64,yes,perfect,"owner perfect coats_2; family listen_sp0.75; recipe in the batch renderer, not in these columns",batch 18 / 2026-08-17,clip,af_heart,en-us,0.75,80,300,10,,no,no,0,0,0,no,,,,,,,,,,cdaba4e710bd6887ce3ed389c6e551828203d74c640ef490b2577bd6e212f7bc
cobweb,41,yes,perfect,"owner perfect cobweb_2; family say_sp0.75; recipe in the batch renderer, not in these columns",batch 21 round 3 / 2026-08-18,clip,af_heart,en-us,0.75,80,300,10,,no,no,0,0,0,no,,,,,,,,,,796084cce830261c0b6f1b60d3484102b44401bb70c1ceb702cc8ac5bfaa6dcc
coin,78,yes,perfect,"owner perfect coin_4; family listen_sp0.7; recipe in the batch renderer, not in these columns",batch 21 round 3 / 2026-08-18,clip,af_heart,en-us,0.7,80,300,10,,no,no,0,0,0,no,,,,,,,,,,1a964ab3a028168974f1cc1996b0dfda03ddbdabe5cac7e3fa889e8dec9e0aa7
cold,68,yes,perfect,"owner perfect cold_2; family listen_sp0.75; recipe in the batch renderer, not in these columns",batch 18 / 2026-08-17,clip,af_heart,en-us,0.75,80,300,10,,no,no,0,0,0,no,,,,,,,,,,a7e04edfa736f088eb6673a94dcdc7e9ddda7ea3ae4511c13d603da9ff5f140a
comes,7,yes,perfect,"owner perfect comes_2; family listen_sp0.75; recipe in the batch renderer, not in these columns",batch 18 / 2026-08-17,clip,af_heart,en-us,0.75,80,300,10,,no,no,0,0,0,no,,,,,,,,,,d6116a890333f1abf25c2344f5c3d0d73f1f00a77663951002ad8b5db89d1cca
cops,6,yes,perfect,"owner perfect cops_2; family listen_sp0.75; recipe in the batch renderer, not in these columns",batch 18 / 2026-08-17,clip,af_heart,en-us,0.75,80,300,10,,no,no,0,0,0,no,,,,,,,,,,bbb44c1c0fdfd6160dc513b295c6b5792de7bc71632f2a7f3e124cf235c79ba7
corn,81,yes,perfect,"owner perfect corn_1; family say_sp0.7; recipe in the batch renderer, not in these columns",batch 21 round 3 / 2026-08-18,clip,af_heart,en-us,0.7,80,300,10,,no,no,0,0,0,no,,,,,,,,,,d5d11052208f3191a1f54a5caa3f30905d9a42a236eca4143989190bc5b4f4b7
could,77,yes,perfect,"owner perfect could_6; family listen_sp0.85; recipe in the batch renderer, not in these columns",batch 15 / 2026-08-16,clip,af_heart,en-us,0.85,80,300,10,,no,no,0,0,0,no,,,,,,,,,,b24ade724890ccd9f700c99f7b20531a8ca470233b638201a184a2c56e80e88c
cow,77,yes,perfect,"owner perfect cow_4; family listen_sp0.7; recipe in the batch renderer, not in these columns",batch 21 round 3 / 2026-08-18,clip,af_heart,en-us,0.7,80,300,10,,no,no,0,0,0,no,,,,,,,,,,586e6696bb2336938aec390e803e39a5c2a110f73d29f42bf7d2d655402582e2
crawl,82,yes,perfect,"owner perfect crawl_4; family listen_sp0.7; recipe in the batch renderer, not in these columns",batch 21 round 3 / 2026-08-18,clip,af_heart,en-us,0.7,80,300,10,,no,no,0,0,0,no,,,,,,,,,,c5ed0d5298ec7c9e8ef2a0ace956751357cec9eafc456ba964fe3264a577731d
cried,53,yes,perfect,"owner perfect cried_1; family say_sp0.7; recipe in the batch renderer, not in these columns",batch 21 round 3 / 2026-08-18,clip,af_heart,en-us,0.7,80,300,10,,no,no,0,0,0,no,,,,,,,,,,655566f217cd75c5ef3d8ccb869b2b98913db9cf7f708ecc1e3fa1217bd50fd1
crust,35,yes,perfect,"owner perfect crust_1; family say_sp0.7; recipe in the batch renderer, not in these columns",R1 round 1 / 2026-08-19,clip,af_heart,en-us,0.7,80,300,10,,no,no,0,0,0,no,,,,,,,,,,e56f896b6378774ebdb58a39990b40f3eff3e8dd36a0fe954b638f0554162c74
cry,52,yes,perfect,"owner perfect cry_1; family say_sp0.7; recipe in the batch renderer, not in these columns",batch 21 round 3 / 2026-08-18,clip,af_heart,en-us,0.7,80,300,10,,no,no,0,0,0,no,,,,,,,,,,e9b26b5fc6226efd07d637dbe1cb543177152f11d98106daccafc95600f7eeb2
cube,76,yes,perfect,"owner perfect cube_4; family listen_sp0.7; recipe in the batch renderer, not in these columns",batch 21 round 3 / 2026-08-18,clip,af_heart,en-us,0.7,80,300,10,,no,no,0,0,0,no,,,,,,,,,,e14b446f3108aaa9131c83e96fb99d0756c27bcf66bb871cf3289fe280284f08
curl,83,yes,perfect,"owner perfect curl_1; family say_sp0.7; recipe in the batch renderer, not in these columns",batch 21 round 3 / 2026-08-18,clip,af_heart,en-us,0.7,80,300,10,,no,no,0,0,0,no,,,,,,,,,,987cfc842978a2e8aa70450700456091bd8aa013b546f9bbd32e4900fda4efc6
cute,76,yes,perfect,"owner perfect cute_4; family listen_sp0.7; recipe in the batch renderer, not in these columns",batch 21 round 3 / 2026-08-18,clip,af_heart,en-us,0.7,80,300,10,,no,no,0,0,0,no,,,,,,,,,,29844252412e0ceb6a55aadda7b7829fa73622939ffc34dc40558d93ea5ca13e
dark,79,yes,perfect,"owner perfect dark_2; family say_sp0.75; recipe in the batch renderer, not in these columns",batch 21 round 3 / 2026-08-18,clip,af_heart,en-us,0.75,80,300,10,,no,no,0,0,0,no,,,,,,,,,,1c29dfc6f00fe58d373c474036826f6e34889bd74d2dc55d8d7797a13a5c3385
darkness,99,yes,perfect,"owner perfect darkness_2; family say_sp0.75; recipe in the batch renderer, not in these columns",batch 21 round 3 / 2026-08-18,clip,af_heart,en-us,0.75,80,300,10,,no,no,0,0,0,no,,,,,,,,,,1929861c3653930ea4292294d946a5d6d430430778cf37ef53e6443ba7574fe3
day,58,yes,perfect,"owner perfect day_1; family listen_sp0.8; recipe in the batch renderer, not in these columns",batch 15 / 2026-08-16,clip,af_heart,en-us,0.8,80,300,10,,no,no,0,0,0,no,,,,,,,,,,2f9a2132c5b48b3a52da29611eacb8c9c5f434cfe91621148138c71a028adb29
deal,62,yes,perfect,"owner perfect deal_2; family say_sp0.75; recipe in the batch renderer, not in these columns",batch 21 round 3 / 2026-08-18,clip,af_heart,en-us,0.75,80,300,10,,no,no,0,0,0,no,,,,,,,,,,78c3113f959cd85b26579bf0da052142682aa4f018082602f84f0baebd992ec1
deep,61,yes,perfect,"owner perfect deep_6; family listen_sp0.8; recipe in the batch renderer, not in these columns",batch 21 round 3 / 2026-08-18,clip,af_heart,en-us,0.8,80,300,10,,no,no,0,0,0,no,,,,,,,,,,fc0136dae9eb5748d6637f53f66a14367ad4abae17f95d8cac09b429919543c3
deer,84,yes,perfect,"owner perfect deer_4; family listen_sp0.7; recipe in the batch renderer, not in these columns",batch 21 round 3 / 2026-08-18,clip,af_heart,en-us,0.7,80,300,10,,no,no,0,0,0,no,,,,,,,,,,5194524f0c49b71af83805af4c2c9a5b7338f7cb6251ee022ebc8d59be71fcfc
desks,32,yes,perfect,"owner perfect desks_1; family say_sp0.7; recipe in the batch renderer, not in these columns",R1 round 1 / 2026-08-19,clip,af_heart,en-us,0.7,80,300,10,,no,no,0,0,0,no,,,,,,,,,,ef6f25104edf621337b7bd28cd74afbb2cbc462ff04bdc1eba8063cc105ed964
dew,76,yes,perfect,"owner perfect dew_4; family here_sp0.7; recipe in the batch renderer, not in these columns",batch 21 round 3 / 2026-08-18,clip,af_heart,en-us,0.7,80,300,10,,no,no,0,0,0,no,,,,,,,,,,62dbef0d760325922afc5efbe68965e3b35bdb53fe35f7d87b21f2802ee26d49
digging,46,yes,perfect,"owner perfect digging_6; family listen_sp0.8; recipe in the batch renderer, not in these columns",batch 21 round 3 / 2026-08-18,clip,af_heart,en-us,0.8,80,300,10,,no,no,0,0,0,no,,,,,,,,,,13e786d4498fd0b5e8367b01b39312a1b03bf9c828656f45197d8c5e7f279ef8
dime,66,yes,perfect,"owner perfect dime_5; family listen_sp0.75; recipe in the batch renderer, not in these columns",batch 21 round 3 / 2026-08-18,clip,af_heart,en-us,0.75,80,300,10,,no,no,0,0,0,no,,,,,,,,,,608e95d2e083cec88c22063fa7aef7f4814a5fa882ec2f7c40053ce2efa3d961
dinner,49,yes,perfect,"owner perfect dinner_6; family listen_sp0.8; recipe in the batch renderer, not in these columns",batch 21 round 3 / 2026-08-18,clip,af_heart,en-us,0.8,80,300,10,,no,no,0,0,0,no,,,,,,,,,,b170f590533076860ef6ea9b0c63f3be0a11fd8321a4835dc2c7fbdc9e59b07f
dinosaur,82,yes,perfect,"owner perfect dinosaur_3; family say_sp0.8; recipe in the batch renderer, not in these columns",batch 21 round 3 / 2026-08-18,clip,af_heart,en-us,0.8,80,300,10,,no,no,0,0,0,no,,,,,,,,,,509f265b23ff17bc9613c0aea7fd95e2f68a96e6bb0a05b9cfbe4bcdf92ed115
dirt,83,yes,perfect,"owner perfect dirt_4; family listen_sp0.7; recipe in the batch renderer, not in these columns",batch 21 round 4 / 2026-08-18,clip,af_heart,en-us,0.7,80,300,10,,no,no,0,0,0,no,,,,,,,,,,4ed0492d11f21c35338fcf3da7aa197781e31c08e53f699f6ad838e719c53fde
disagree,97,yes,perfect,"owner perfect disagree_1; family say_sp0.7; recipe in the batch renderer, not in these columns",batch 21 round 4 / 2026-08-18,clip,af_heart,en-us,0.7,80,300,10,,no,no,0,0,0,no,,,,,,,,,,b95542b832f00f1c099c4f8fd42b67d0a6c4012063b52d07920e8975a697680c
dishes,97,yes,perfect,"owner perfect dishes_1; family say_sp0.7; recipe in the batch renderer, not in these columns",batch 21 round 4 / 2026-08-18,clip,af_heart,en-us,0.7,80,300,10,,no,no,0,0,0,no,,,,,,,,,,5b45eeaea9cf6808f1b657e1adc72d92cf77a7a2d5b63176e94c97ae179421ce
dislike,97,yes,perfect,"owner perfect dislike_4; family listen_sp0.7; recipe in the batch renderer, not in these columns",batch 21 round 4 / 2026-08-18,clip,af_heart,en-us,0.7,80,300,10,,no,no,0,0,0,no,,,,,,,,,,39a98594cd9be45b0134563a3e0995d5c39d614d0a88a548815aca6dbbe88124
dive,66,yes,perfect,"owner perfect dive_c4; family here_sp0.8; recipe in the batch renderer, not in these columns",batch 21 round c1 / 2026-08-18,clip,af_heart,en-us,0.8,80,300,10,,no,no,0,0,0,no,,,,,,,,,,6458d58379e412f4fd80f93be81767ea4c049f5732f99c8d3ddd100076b6eeda
dolphin,91,yes,perfect,"owner perfect dolphin_c3; family say_sp0.9; recipe in the batch renderer, not in these columns",batch 21 round c1 / 2026-08-18,clip,af_heart,en-us,0.9,80,300,10,,no,no,0,0,0,no,,,,,,,,,,7b0fb48b7af4fa37707c7cce21f092bb5ada21eb9b6aaf68e139634b450cafb6
down,77,yes,perfect,"owner perfect down_5; family listen_sp0.75; recipe in the batch renderer, not in these columns",batch 21 round 4 / 2026-08-18,clip,af_heart,en-us,0.75,80,300,10,,no,no,0,0,0,no,,,,,,,,,,d27648908c678169e834bc1c5db6feed86aae13c98711db0ba2713936e4b5b09
draw,82,yes,perfect,"owner perfect draw_3; family say_sp0.8; recipe in the batch renderer, not in these columns",batch 21 round 4 / 2026-08-18,clip,af_heart,en-us,0.8,80,300,10,,no,no,0,0,0,no,,,,,,,,,,5f27b95193abee1b6d05ceaa034ef657d2f1a34ae09eb848e740e2ad93160faa
dressed,43,yes,perfect,"owner perfect dressed_1; family say_sp0.7; recipe in the batch renderer, not in these columns",batch 21 round 4 / 2026-08-18,clip,af_heart,en-us,0.7,80,300,10,,no,no,0,0,0,no,,,,,,,,,,71e83b36baf1564e0b6dae5037093b509d9bc6d5bd715788cead63d3951f9f51
dried,53,yes,perfect,"owner perfect dried_3; family say_sp0.8; recipe in the batch renderer, not in these columns",batch 21 round 4 / 2026-08-18,clip,af_heart,en-us,0.8,80,300,10,,no,no,0,0,0,no,,,,,,,,,,89754652c27dd17b0f5080dd3723bc84e44de49cd17ca93fb4db7e724c49338f
drilled,44,yes,perfect,"owner perfect drilled_3; family say_sp0.8; recipe in the batch renderer, not in these columns",R1 round 1 / 2026-08-19,clip,af_heart,en-us,0.8,80,300,10,,no,no,0,0,0,no,,,,,,,,,,8745507f2ae676d6419757bd559399780bd360da29c7ce7f40625e26d4c51f7c
drink,35,yes,perfect,"owner perfect drink_1; family say_sp0.7; recipe in the batch renderer, not in these columns",R1 round 1 / 2026-08-19,clip,af_heart,en-us,0.7,80,300,10,,no,no,0,0,0,no,,,,,,,,,,541f872b865784da6bb9b465a05f55b298b69ffd7f5720d94ebbd18698953759
dry,52,yes,perfect,"owner perfect dry_6; family listen_sp0.8; recipe in the batch renderer, not in these columns",batch 21 round 4 / 2026-08-18,clip,af_heart,en-us,0.8,80,300,10,,no,no,0,0,0,no,,,,,,,,,,92f17ead24fd7c731dffd88f424e86f2e5b1a43b2e16d468bfd691ada78d57f1
dust,14,yes,perfect,"owner perfect dust_2; family listen_sp0.75; recipe in the batch renderer, not in these columns",batch 18 / 2026-08-17,clip,af_heart,en-us,0.75,80,300,10,,no,no,0,0,0,no,,,,,,,,,,6f791865ee5288930627d8afed9389a227a4c4c8c23a92303d35716f250c03e8
dustbin,39,yes,perfect,"owner perfect dustbin_2; family say_sp0.75; recipe in the batch renderer, not in these columns",batch 21 round 4 / 2026-08-18,clip,af_heart,en-us,0.75,80,300,10,,no,no,0,0,0,no,,,,,,,,,,a5e6190be575ac1fb13e21da90ce9405e4bd69bfe6b1c0fca7642f64e96037d0
each,62,yes,perfect,"owner perfect each_1; family listen_sp0.7; recipe in the batch renderer, not in these columns",batch 21 round 4 / 2026-08-18,clip,af_heart,en-us,0.7,80,300,10,,no,no,0,0,0,no,,,,,,,,,,fbf2ad2c8b99835780dc76dad8fc1e8e027bf4e948731e2182ce627b3f6dd88a
eagle,62,yes,perfect,"owner perfect eagle_2; family say_sp0.75; recipe in the batch renderer, not in these columns",batch 21 round 4 / 2026-08-18,clip,af_heart,en-us,0.75,80,300,10,,no,no,0,0,0,no,,,,,,,,,,7f93128c85375ca9f95e18bc55355bc4a31456e395071eead17b1c81d43b67c1
eagles,62,yes,perfect,"owner perfect eagles_2; family say_sp0.75; recipe in the batch renderer, not in these columns",batch 21 round 4 / 2026-08-18,clip,af_heart,en-us,0.75,80,300,10,,no,no,0,0,0,no,,,,,,,,,,d509fc212fc36d2497cbe16d5d4e5caa3396a8fbea1d388733a5131f883bf41f
ear,84,yes,perfect,"owner perfect ear_4; family listen_sp0.7; recipe in the batch renderer, not in these columns",batch 21 round 4 / 2026-08-18,clip,af_heart,en-us,0.7,80,300,10,,no,no,0,0,0,no,,,,,,,,,,22c779fe0b6a3efe9aaaa7ac2f64895df73a4d52aa6ab21072ed38eb48f269b5
ears,84,yes,perfect,"owner perfect ears_2; family say_sp0.75; recipe in the batch renderer, not in these columns",batch 21 round 4 / 2026-08-18,clip,af_heart,en-us,0.75,80,300,10,,no,no,0,0,0,no,,,,,,,,,,e40a6353aa51077020b9f40e4cf61d927e159281f9800ea07fc03a0b085aae13
eat,62,yes,perfect,"owner perfect eat_4; family listen_sp0.75; recipe in the batch renderer, not in these columns",batch 21 round 4 / 2026-08-18,clip,af_heart,en-us,0.75,80,300,10,,no,no,0,0,0,no,,,,,,,,,,e5b1611000f28cff1d71f4871fb8d07b9edbaff5a4adf7133761096713e29551
eating,62,yes,perfect,"owner perfect eating_2; family say_sp0.75; recipe in the batch renderer, not in these columns",batch 21 round 4 / 2026-08-18,clip,af_heart,en-us,0.75,80,300,10,,no,no,0,0,0,no,,,,,,,,,,7d46314298d6a68b959124edb0fed6596ba91114ec99ded4b07ba9853b332306
edge,88,yes,perfect,"owner perfect edge_2; family say_sp0.75; recipe in the batch renderer, not in these columns",batch 21 round 4 / 2026-08-18,clip,af_heart,en-us,0.75,80,300,10,,no,no,0,0,0,no,,,,,,,,,,d4342f018c60d8b769f0fa4a86ed41f2fd55eda051b992ed8b23d36e009022ea
eight,59,yes,perfect,"owner perfect eight_2; family say_sp0.75; recipe in the batch renderer, not in these columns",batch 21 round 4 / 2026-08-18,clip,af_heart,en-us,0.75,80,300,10,,no,no,0,0,0,no,,,,,,,,,,88c06b1a3368d2f5e8e458695fd93b069043441ae362767b6b9fdd3a1b64ab37
elephant,91,yes,perfect,"owner perfect elephant_3; family say_sp0.8; recipe in the batch renderer, not in these columns",batch 21 round 4 / 2026-08-18,clip,af_heart,en-us,0.8,80,300,10,,no,no,0,0,0,no,,,,,,,,,,43c115314189870732e8c6f04ef527f121a1cbecec6a41319b8d734e0d5c7472
ended,45,yes,perfect,"owner perfect ended_4; family listen_sp0.7; recipe in the batch renderer, not in these columns",batch 21 round 4 / 2026-08-18,clip,af_heart,en-us,0.7,80,300,10,,no,no,0,0,0,no,,,,,,,,,,2cb14d6f980452ab0d6cb084550c687065bd857e7ba56d076d22706a3571263e
endless,99,yes,perfect,"owner perfect endless_4; family listen_sp0.7; recipe in the batch renderer, not in these columns",batch 21 round 4 / 2026-08-18,clip,af_heart,en-us,0.7,80,300,10,,no,no,0,0,0,no,,,,,,,,,,364555c4a5198379ab5e8c8ffa7e7688143d4e661564267df882c31c119cb9c9
enjoy,78,yes,perfect,"owner perfect enjoy_2; family say_sp0.75; recipe in the batch renderer, not in these columns",batch 21 round 4 / 2026-08-18,clip,af_heart,en-us,0.75,80,300,10,,no,no,0,0,0,no,,,,,,,,,,33c63136c5d7645f4fdc4f76cdcb936f50af2b1a39ca69ee341ae07a1495ff32
ever,16,yes,perfect,"owner perfect ever_1; family listen_sp0.85; recipe in the batch renderer, not in these columns",batch 15 / 2026-08-16,clip,af_heart,en-us,0.85,80,300,10,,no,no,0,0,0,no,,,,,,,,,,909cb76bea572326ab2efc5a9f4d6a96e4c248a547d6ebc87ee2891fc67ea8f0
every,51,yes,perfect,"owner perfect every_4; family listen_sp0.7; recipe in the batch renderer, not in these columns",batch 21 round 4 / 2026-08-18,clip,af_heart,en-us,0.7,80,300,10,,no,no,0,0,0,no,,,,,,,,,,0136000f6f31f26381587243b1ba2ff51fd43300c259a4b7bbea30af4fb936d0
fall,80,yes,perfect,"owner perfect fall_1; family listen_sp0.95; recipe in the batch renderer, not in these columns",batch 15 / 2026-08-16,clip,af_heart,en-us,0.95,80,300,10,,no,no,0,0,0,no,,,,,,,,,,37165df8a197be3189abd5a568ff060bf407f8b2a274413da662b00d4c770ed5
far,79,yes,perfect,"owner perfect far_5; family listen_sp0.75; recipe in the batch renderer, not in these columns",batch 21 round 4 / 2026-08-18,clip,af_heart,en-us,0.75,80,300,10,,no,no,0,0,0,no,,,,,,,,,,839e5d225984bd95b5b22979007a1b157531e2e648579982a6637fafae18a1c0
farm,79,yes,perfect,"owner perfect farm_5; family listen_sp0.75; recipe in the batch renderer, not in these columns",batch 21 round 4 / 2026-08-18,clip,af_heart,en-us,0.75,80,300,10,,no,no,0,0,0,no,,,,,,,,,,fed8a9394f5769e1cb85946405017aa2afd9ae2a1b2848f79434156b601ced01
farmer,79,yes,perfect,"owner perfect farmer_1; family say_sp0.7; recipe in the batch renderer, not in these columns",batch 21 round 5 / 2026-08-18,clip,af_heart,en-us,0.7,80,300,10,,no,no,0,0,0,no,,,,,,,,,,949d9881016fb6221b8ebf93bd29140535c7843428be8daf29406c4fe8ddc72f
farms,79,yes,perfect,"owner perfect farms_3; family say_sp0.8; recipe in the batch renderer, not in these columns",batch 21 round 5 / 2026-08-18,clip,af_heart,en-us,0.8,80,300,10,,no,no,0,0,0,no,,,,,,,,,,3078980043a418b93d13c20722a9e1074879f2087594c2d2e669045a9c83ba49
feather,69,yes,perfect,"owner perfect feather_6; family listen_sp0.8; recipe in the batch renderer, not in these columns",R1 round 1 / 2026-08-19,clip,af_heart,en-us,0.8,80,300,10,,no,no,0,0,0,no,,,,,,,,,,0951bfb14bf631b83e440f04cadf33c7b0fd53241c87256fe42a31aad57f3fb9
feed,61,yes,perfect,"owner perfect feed_4; family listen_sp0.7; recipe in the batch renderer, not in these columns",batch 21 round 5 / 2026-08-18,clip,af_heart,en-us,0.7,80,300,10,,no,no,0,0,0,no,,,,,,,,,,9aa94ba1b588adf71594ec1b3da941d164b5db6550d3830284f554c91535fc75
feel,61,yes,perfect,"owner perfect feel_2; family listen_sp0.7; recipe in the batch renderer, not in these columns",batch 21 round 5 / 2026-08-18,clip,af_heart,en-us,0.7,80,300,10,,no,no,0,0,0,no,,,,,,,,,,30122a2454eb3be364dffa0bf0df7dc612d607ca016192b61bed0351066a23bf
feet,61,yes,perfect,"owner perfect feet_2; family say_sp0.75; recipe in the batch renderer, not in these columns",batch 21 round 5 / 2026-08-18,clip,af_heart,en-us,0.75,80,300,10,,no,no,0,0,0,no,,,,,,,,,,97e2276465a3a270b12d524639f7cb0f074ff6a0c5e00a48f93bfd833468a932
fetch,88,yes,perfect,"owner perfect fetch_t2; family phcar_sp0.7; recipe in the batch renderer, not in these columns",batch 21 round rescue3 / 2026-08-18,clip,af_heart,en-us,0.7,80,300,10,,no,no,0,0,0,no,,,,,,,,,,78d4d3069a6bbc2fe2843599b4bd0dc3a067fc389b13ea2fd97d3c91b4feb9ab
few,76,yes,perfect,"owner perfect few_2; family listen_sp0.7; recipe in the batch renderer, not in these columns",batch 21 round 5 / 2026-08-18,clip,af_heart,en-us,0.7,80,300,10,,no,no,0,0,0,no,,,,,,,,,,cb5ec869a1cf5c0f00cd485bf34b14865485290fcce46d08112a7c6f8e13b173
field,63,yes,perfect,"owner perfect field_5; family listen_sp0.8; recipe in the batch renderer, not in these columns",batch 21 round 5 / 2026-08-18,clip,af_heart,en-us,0.8,80,300,10,,no,no,0,0,0,no,,,,,,,,,,66d83ce00a1406899c2eae648f4cbad0ec3236c5d13c02bfe9cb5a7d6803d014
fill,21,yes,perfect,"owner perfect fill_2; family listen_sp0.75; recipe in the batch renderer, not in these columns",batch 18 / 2026-08-17,clip,af_heart,en-us,0.75,80,300,10,,no,no,0,0,0,no,,,,,,,,,,0e960998af7f5dc8689750a2662b5c35272912cf372d40c69eebf3c92c02bdc7
filled,44,yes,perfect,"owner perfect filled_4; family listen_sp0.7; recipe in the batch renderer, not in these columns",batch 21 round 5 / 2026-08-18,clip,af_heart,en-us,0.7,80,300,10,,no,no,0,0,0,no,,,,,,,,,,3b4a966712114deea1dc4735e4d3fd3d364d0beabcab7c1dcc13116dfa92e17f
finally,51,yes,perfect,"owner perfect finally_3; family listen_sp0.8; recipe in the batch renderer, not in these columns",batch 15 / 2026-08-16,clip,af_heart,en-us,0.8,80,300,10,,no,no,0,0,0,no,,,,,,,,,,3f7743477988a4d2fce4f5b5d825d630dfd8c1b322bd601e7823f2f6849a1229
fine,66,yes,perfect,"owner perfect fine_3; family say_sp0.8; recipe in the batch renderer, not in these columns",batch 21 round 5 / 2026-08-18,clip,af_heart,en-us,0.8,80,300,10,,no,no,0,0,0,no,,,,,,,,,,0e1c8a05c54e43c548abcd77e59cdb80870a6a779ba180c43c2b5f2fd2619684
first,83,yes,perfect,"owner perfect first_1; family say_sp0.7; recipe in the batch renderer, not in these columns",batch 21 round 5 / 2026-08-18,clip,af_heart,en-us,0.7,80,300,10,,no,no,0,0,0,no,,,,,,,,,,79c7d672e61688ea7b152f0091aac25d4e71247ec4ff2d9ffa44ef005a88e31e
fishing,37,yes,perfect,"owner perfect fishing_1; family say_sp0.7; recipe in the batch renderer, not in these columns",batch 21 round 5 / 2026-08-18,clip,af_heart,en-us,0.7,80,300,10,,no,no,0,0,0,no,,,,,,,,,,9e002550a23ea87497c6aafc5d25fddef013e18f8e00c61c8d91dbbdbef86909
five,66,yes,perfect,"owner perfect five_4; family listen_sp0.75; recipe in the batch renderer, not in these columns",batch 21 round 5 / 2026-08-18,clip,af_heart,en-us,0.75,80,300,10,,no,no,0,0,0,no,,,,,,,,,,11bc1d94ed6c81fdd4847c377ba73a0bea527ca7d93e84b1d65826a0b73c6314
flies,67,yes,perfect,"owner perfect flies_4; family listen_sp0.7; recipe in the batch renderer, not in these columns",batch 21 round 5 / 2026-08-18,clip,af_heart,en-us,0.7,80,300,10,,no,no,0,0,0,no,,,,,,,,,,7cbf3e52fdc653c39a49c8027c7339d3845bf5cec34b054f18021d41e84a60cc
flowers,77,yes,perfect,"owner perfect flowers_5; family listen_sp0.7; recipe in the batch renderer, not in these columns",batch 16 / 2026-08-16,clip,af_heart,en-us,0.7,80,300,10,,no,no,0,0,0,no,,,,,,,,,,ab60bce854008eab179d048b55115a05837f743324b83d7776fbf785fb9d79af
fly,52,yes,perfect,"owner perfect fly_1; family listen_sp0.7; recipe in the batch renderer, not in these columns",batch 18 / 2026-08-17,clip,af_heart,en-us,0.7,80,300,10,,no,no,0,0,0,no,,,,,,,,,,9e1a3b68de44cc828158dc4bd34ed8913cee81be8030fddf5a87007ce35e284b
fold,68,yes,perfect,"owner perfect fold_3; family listen_sp0.8; recipe in the batch renderer, not in these columns",batch 18 / 2026-08-17,clip,af_heart,en-us,0.8,80,300,10,,no,no,0,0,0,no,,,,,,,,,,40d5483822e01c54371345882044182d8e30b93ee262a3f089c6a9b114ace7f4
fought,92,yes,perfect,"owner perfect fought_5; family listen_sp0.75; recipe in the batch renderer, not in these columns",batch 21 round 5 / 2026-08-18,clip,af_heart,en-us,0.75,80,300,10,,no,no,0,0,0,no,,,,,,,,,,ebea4876654758816c043026d83a730a14346cd86e4db260bce71164bc66b616
found,77,yes,perfect,"owner perfect found_1; family say_sp0.8; recipe in the batch renderer, not in these columns",batch 15 / 2026-08-16,clip,af_heart,en-us,0.8,80,300,10,,no,no,0,0,0,no,,,,,,,,,,d6a1fb90b6e61dcc888020bd03a9b3b26032d2008cd4faa216ba6e8fd9afc448
foxes,47,yes,perfect,"owner perfect foxes_r8; family phoneme_sp0.75; recipe in the batch renderer, not in these columns",batch 21 round rescue / 2026-08-18,clip,af_heart,en-us,0.75,80,300,10,,no,no,0,0,0,no,,,,,,,,,,d4456edbe8b701505edd2e3fc01a6a9201a86ea97aebaa19117fe9d71b91b5f7
freight,59,yes,perfect,"owner perfect freight_4; family listen_sp0.7; recipe in the batch renderer, not in these columns",batch 21 round 5 / 2026-08-18,clip,af_heart,en-us,0.7,80,300,10,,no,no,0,0,0,no,,,,,,,,,,856d0e131cab18aaad72f2b0a1c75f0b277a78ec8536a0cba7d2ec4eb61259e0
frog,15,yes,perfect,"owner perfect frog_2; family listen_sp0.75; recipe in the batch renderer, not in these columns",batch 18 / 2026-08-17,clip,af_heart,en-us,0.75,80,300,10,,no,no,0,0,0,no,,,,,,,,,,1d249400d8a4e38854235993802974f38e35edbabc85f95c42037fa089eaa10e
fudge,88,yes,perfect,"owner perfect fudge_5; family listen_sp0.8; recipe in the batch renderer, not in these columns",batch 21 round 5 / 2026-08-18,clip,af_heart,en-us,0.8,80,300,10,,no,no,0,0,0,no,,,,,,,,,,54d4624557cfd7e7967affc9773176bb49ffc30ec73c74c3d7e99541430e1590
funny,51,yes,perfect,"owner perfect funny_6; family listen_sp0.8; recipe in the batch renderer, not in these columns",batch 21 round 5 / 2026-08-18,clip,af_heart,en-us,0.8,80,300,10,,no,no,0,0,0,no,,,,,,,,,,3b7b78cdc89dd0c8c61de27db0c9bcf027883808a0bca09fe5ffe12546a96fdd
future,96,yes,perfect,"owner perfect future_1; family say_sp0.7; recipe in the batch renderer, not in these columns",batch 21 round 5 / 2026-08-18,clip,af_heart,en-us,0.7,80,300,10,,no,no,0,0,0,no,,,,,,,,,,d3350e36ac2abe5b8b015de6feb036f5a1ac0c84aa6a7d5c0bd15eb32dcfbccc
game,57,yes,perfect,"owner perfect game_2; family say_sp0.75; recipe in the batch renderer, not in these columns",batch 20 / 2026-08-17,clip,af_heart,en-us,0.75,80,300,10,,no,no,0,0,0,no,,,,,,,,,,64c5c40ff6786db2daccabfa993762115cda7eb7eab3166e9cd8065d883e068c
gate,57,yes,perfect,"owner perfect gate_6; family listen_sp0.8; recipe in the batch renderer, not in these columns",batch 20 / 2026-08-17,clip,af_heart,en-us,0.8,80,300,10,,no,no,0,0,0,no,,,,,,,,,,66394bfac8f43c9c01ee6f1ebed2db6ff8be2124b82b215fd33e4dba0676e7f1
gates,57,yes,perfect,"owner perfect gates_3; family listen_sp0.8; recipe in the batch renderer, not in these columns",batch 18 / 2026-08-17,clip,af_heart,en-us,0.8,80,300,10,,no,no,0,0,0,no,,,,,,,,,,65e7fa714dfdff5c3e1c8cc0f425469afcdf5b5a56c0556a28fcfbddd88cdf67
gave,57,yes,perfect,"owner perfect gave_f6; family here_sp0.9; recipe in the batch renderer, not in these columns",batch 21 round final / 2026-08-18,clip,af_heart,en-us,0.9,80,300,10,,no,no,0,0,0,no,,,,,,,,,,baf1bd1fa1f45beb05bdea03d85f6dbd37d81800e9a8979eb21d89d46c6c9638
gem,87,yes,perfect,"owner perfect gem_6; family listen_sp0.8; recipe in the batch renderer, not in these columns",R1 round 1 / 2026-08-19,clip,af_heart,en-us,0.8,80,300,10,,no,no,0,0,0,no,,,,,,,,,,c132a36009ba69248858940e3d1c260c57a82a5b8f52b91082036c2a26951351
generous,87,yes,perfect,"owner perfect generous_2; family say_sp0.8; recipe in the batch renderer, not in these columns",batch 15 / 2026-08-16,clip,af_heart,en-us,0.8,80,300,10,,no,no,0,0,0,no,,,,,,,,,,fcc592667bfeb63e6037cdcaa2e2a976a24a727bbb89d9f073dfed5c82efd9a4
germ,87,yes,perfect,"owner perfect germ_1; family say_sp0.7; recipe in the batch renderer, not in these columns",R1 round 1 / 2026-08-19,clip,af_heart,en-us,0.7,80,300,10,,no,no,0,0,0,no,,,,,,,,,,5979ac1bb81fa95516f38f475189237ee770786821a8ae1414f2421ad4c37f92
gets,9,yes,perfect,"owner perfect gets_2; family say_sp0.75; recipe in the batch renderer, not in these columns",batch 19 / 2026-08-17,clip,af_heart,en-us,0.75,80,300,10,,no,no,0,0,0,no,,,,,,,,,,34c59bbeaefbba6ac67d73110855ae668eaf13253d9bfd5e7483235151a3e9b2
getting,46,yes,perfect,"owner perfect getting_5; family listen_sp0.75; recipe in the batch renderer, not in these columns",batch 21 round 5 / 2026-08-18,clip,af_heart,en-us,0.75,80,300,10,,no,no,0,0,0,no,,,,,,,,,,3f4cd8726dd0b3d4476243e91ec5878ceea2fc66e6135ef0e65e09b95c50adae
gifts,32,yes,perfect,"owner perfect gifts_1; family say_sp0.7; recipe in the batch renderer, not in these columns",R1 round 1 / 2026-08-19,clip,af_heart,en-us,0.7,80,300,10,,no,no,0,0,0,no,,,,,,,,,,86aeff0b6a5fbf5f32c518ae19f2e5fcd6e4d74780d7b1a36274662814165b6d
ginger,87,yes,perfect,"owner perfect ginger_6; family listen_sp0.8; recipe in the batch renderer, not in these columns",R1 round 1 / 2026-08-19,clip,af_heart,en-us,0.8,80,300,10,,no,no,0,0,0,no,,,,,,,,,,4b5631007cf733883f5f4ed78b8582abe7c049f27856ad4a845fc660e389c8bb
girl,83,yes,perfect,"owner perfect girl_f4; family say_sp0.7; recipe in the batch renderer, not in these columns",batch 21 round final / 2026-08-18,clip,af_heart,en-us,0.7,80,300,10,,no,no,0,0,0,no,,,,,,,,,,fdd1512b56dc2ebc86b59ab0e0292e33b9c7d39867e75f114241a76013725894
gladly,53,yes,perfect,"owner perfect gladly_c10; family listen_sp0.9; recipe in the batch renderer, not in these columns",batch 21 round c1 / 2026-08-18,clip,af_heart,en-us,0.9,80,300,10,,no,no,0,0,0,no,,,,,,,,,,a2e33f6782fbd1f7a709eb57ce2828b46f3f0d83163c0e4f9ddfe9ab50ff07da
glasses,41,yes,perfect,"owner perfect glasses_5; family listen_sp0.75; recipe in the batch renderer, not in these columns",batch 21 round 5 / 2026-08-18,clip,af_heart,en-us,0.75,80,300,10,,no,no,0,0,0,no,,,,,,,,,,e1f1fd7aa46be5fcf850854de2721016fa8c3f6b1f91f14013758337d573e5a8
glue,76,yes,perfect,"owner perfect glue_5; family here_sp0.75; recipe in the batch renderer, not in these columns",batch 21 round 5 / 2026-08-18,clip,af_heart,en-us,0.75,80,300,10,,no,no,0,0,0,no,,,,,,,,,,23d5adec07dda0a0ca4972600ab1f68ef5ee0e7050c0c67f95c4e5b40d0b77cb
goat,64,yes,perfect,"owner perfect goat_2; family listen_sp0.75; recipe in the batch renderer, not in these columns",batch 18 / 2026-08-17,clip,af_heart,en-us,0.75,80,300,10,,no,no,0,0,0,no,,,,,,,,,,fd53b9e859361413a4f10e4799bda5c81b6593bc3b086e96e30b576df502c1f6
goats,70,yes,perfect,"owner perfect goats_3; family here_sp0.8; recipe in the batch renderer, not in these columns",batch 19 / 2026-08-17,clip,af_heart,en-us,0.8,80,300,10,,no,no,0,0,0,no,,,,,,,,,,3e28d2340f16c57bea2a537d6c1265ac19fc63321b7492855a24a9457ab3e94b
goes,65,yes,perfect,"owner perfect goes_5; family listen_sp0.75; recipe in the batch renderer, not in these columns",R1 round 1 / 2026-08-19,clip,af_heart,en-us,0.75,80,300,10,,no,no,0,0,0,no,,,,,,,,,,5a2e8bf619b9d0bdaac86e259882014c5e63313cc1ad010be52b1b2a774fcd79
going,78,yes,perfect,"owner perfect going_5; family listen_sp0.75; recipe in the batch renderer, not in these columns",batch 21 round 5 / 2026-08-18,clip,af_heart,en-us,0.75,80,300,10,,no,no,0,0,0,no,,,,,,,,,,4f780e8c05c14c891a24fb76db19fd8105e68c8c2ea514cc92efae16eaa028a9
gold,68,yes,perfect,"owner perfect gold_2; family listen_sp0.75; recipe in the batch renderer, not in these columns",batch 18 / 2026-08-17,clip,af_heart,en-us,0.75,80,300,10,,no,no,0,0,0,no,,,,,,,,,,966397c95291eb97e8e92bdebe82599cc83f69a00a011dac4feb52f4ca294954
good,75,yes,perfect,"owner perfect good_1; family listen_sp0.85; recipe in the batch renderer, not in these columns",batch 15 / 2026-08-16,clip,af_heart,en-us,0.85,80,300,10,,no,no,0,0,0,no,,,,,,,,,,0345eb5ba85bbf8abc0bfc4a9f0920d8f2fe009250fd2880324bd515d680f4d9
graph,91,yes,perfect,"owner perfect graph_6; family listen_sp0.8; recipe in the batch renderer, not in these columns",batch 21 round 5 / 2026-08-18,clip,af_heart,en-us,0.8,80,300,10,,no,no,0,0,0,no,,,,,,,,,,13c4b73d1994f2b2965794d1b077303ad402eb9b0cd7901418db33223f6f843c
grass,21,yes,perfect,"owner perfect grass_2; family listen_sp0.75; recipe in the batch renderer, not in these columns",batch 18 / 2026-08-17,clip,af_heart,en-us,0.75,80,300,10,,no,no,0,0,0,no,,,,,,,,,,9dd167f0bbb93b37b9f07c1bc487b2b1a2bf0965c7c5391f558422a081858d5e
gravy,72,yes,perfect,"owner perfect gravy_3; family say_sp0.8; recipe in the batch renderer, not in these columns",R1 round 1 / 2026-08-19,clip,af_heart,en-us,0.8,80,300,10,,no,no,0,0,0,no,,,,,,,,,,2e8f122bdda5e39cbb8ab6960cab817cf5367437a1f0898268480cff3fab938e
green,61,yes,perfect,"owner perfect green_4; family listen_sp0.7; recipe in the batch renderer, not in these columns",batch 21 round 5 / 2026-08-18,clip,af_heart,en-us,0.7,80,300,10,,no,no,0,0,0,no,,,,,,,,,,9e426b5ece2f3760caab8d8b5a4582419184b873a90e045cc0ed2f36f9f6ce1e
grey,59,yes,perfect,"owner perfect grey_4; family listen_sp0.7; recipe in the batch renderer, not in these columns",batch 21 round 5 / 2026-08-18,clip,af_heart,en-us,0.7,80,300,10,,no,no,0,0,0,no,,,,,,,,,,e8f48c0210c08a392d84a14509c7d9898037b32f7e77e0e130a3f094af753ad1
grilled,44,yes,perfect,"owner perfect grilled_1; family say_sp0.7; recipe in the batch renderer, not in these columns",R1 round 1 / 2026-08-19,clip,af_heart,en-us,0.7,80,300,10,,no,no,0,0,0,no,,,,,,,,,,090d0ed95ba6ef5f44efec422be5bdd9913a69649b6477e5c0063f56c2164d56
grow,65,yes,perfect,"owner perfect grow_6; family listen_sp0.8; recipe in the batch renderer, not in these columns",R1 round 1 / 2026-08-19,clip,af_heart,en-us,0.8,80,300,10,,no,no,0,0,0,no,,,,,,,,,,9003bfea3d3b2405640c27993234938e86ad3ce5749649cb5b4686648f11d34b
hammer,46,yes,perfect,"owner perfect hammer_5; family listen_sp0.75; recipe in the batch renderer, not in these columns",batch 21 round 6 / 2026-08-18,clip,af_heart,en-us,0.75,80,300,10,,no,no,0,0,0,no,,,,,,,,,,597f999986c1fa293d36459c0cf30a03673e351dd2733f55087ab409e4e5bccb
handful,98,yes,perfect,"owner perfect handful_1; family say_sp0.7; recipe in the batch renderer, not in these columns",R1 round 1 / 2026-08-19,clip,af_heart,en-us,0.7,80,300,10,,no,no,0,0,0,no,,,,,,,,,,f1f4ef4647a5fab6ad5d9bc1e6258131cd2efe91b870e22d5b320702a5c314d1
handle,48,yes,perfect,"owner perfect handle_3; family say_sp0.8; recipe in the batch renderer, not in these columns",batch 21 round 6 / 2026-08-18,clip,af_heart,en-us,0.8,80,300,10,,no,no,0,0,0,no,,,,,,,,,,aea9fe0e6e61b69915247eb0638eb91ef81de560b728dd289955f00156503c2a
hands,32,yes,perfect,"owner perfect hands_1; family say_sp0.7; recipe in the batch renderer, not in these columns",R1 round 1 / 2026-08-19,clip,af_heart,en-us,0.7,80,300,10,,no,no,0,0,0,no,,,,,,,,,,9ee9684f2e8a6cccb413b5e00d071f2cb5bb803e27a2b64699070227ee5d7d71
happier,53,yes,perfect,"owner perfect happier_4; family listen_sp0.7; recipe in the batch renderer, not in these columns",batch 21 round 6 / 2026-08-18,clip,af_heart,en-us,0.7,80,300,10,,no,no,0,0,0,no,,,,,,,,,,ac40da39b109b1770d50b1c931325f1466a0bd3cdda52e6e883ac60d4dd082cf
happy,51,yes,perfect,"owner perfect happy_5; family listen_sp0.75; recipe in the batch renderer, not in these columns",batch 21 round 6 / 2026-08-18,clip,af_heart,en-us,0.75,80,300,10,,no,no,0,0,0,no,,,,,,,,,,8a5475854087e4615b6e8d274752b8f69597d17aeadf84b7258dc7210d5fa2ae
hard,79,yes,perfect,"owner perfect hard_4; family listen_sp0.7; recipe in the batch renderer, not in these columns",batch 21 round 6 / 2026-08-18,clip,af_heart,en-us,0.7,80,300,10,,no,no,0,0,0,no,,,,,,,,,,e4f8fe1a03f226f94b670749ef4c3f9ed97e201dbbc87b76ba11abefc3c465f9
hate,60,yes,perfect,"owner perfect hate_4; family listen_sp0.8; recipe in the batch renderer, not in these columns",batch 20 / 2026-08-17,clip,af_heart,en-us,0.8,80,300,10,,no,no,0,0,0,no,,,,,,,,,,e0ab176a0a80302e2c4c911952642a77f4a6bd9cf6948480c5592ecaf07d4c79
haul,82,yes,perfect,"owner perfect haul_2; family say_sp0.75; recipe in the batch renderer, not in these columns",batch 21 round 6 / 2026-08-18,clip,af_heart,en-us,0.75,80,300,10,,no,no,0,0,0,no,,,,,,,,,,13effb2ea15e48719dafa9c9f0405103132ea34974edef2f8bd03c7703a9790d
having,41,yes,perfect,"owner perfect having_4; family listen_sp0.7; recipe in the batch renderer, not in these columns",batch 21 round 6 / 2026-08-18,clip,af_heart,en-us,0.7,80,300,10,,no,no,0,0,0,no,,,,,,,,,,0bca0f53e580521d2838952abb49b5552e6498779a0f17cd194a61176d0faae8
head,69,yes,perfect,"owner perfect head_5; family listen_sp0.8; recipe in the batch renderer, not in these columns",R1 round 1 / 2026-08-19,clip,af_heart,en-us,0.8,80,300,10,,no,no,0,0,0,no,,,,,,,,,,05cdb7b10fd456cfabb08bb81c077f9d6bb2153803081b03e8058d2411950752
hear,84,yes,perfect,"owner perfect hear_4; family listen_sp0.7; recipe in the batch renderer, not in these columns",batch 21 round 6 / 2026-08-18,clip,af_heart,en-us,0.7,80,300,10,,no,no,0,0,0,no,,,,,,,,,,f1ff89a6c05f47e53eb2d0c2340ec69365f988e3d3d0d0930349ca7bf7657476
heavy,69,yes,perfect,"owner perfect heavy_1; family say_sp0.7; recipe in the batch renderer, not in these columns",R1 round 1 / 2026-08-19,clip,af_heart,en-us,0.7,80,300,10,,no,no,0,0,0,no,,,,,,,,,,56342ea5b28c92693489889004eecd84eb3b920d1f5b12348ca9a86e67443574
held,20,yes,perfect,"owner perfect held_3; family listen_sp0.8; recipe in the batch renderer, not in these columns",batch 18 / 2026-08-17,clip,af_heart,en-us,0.8,80,300,10,,no,no,0,0,0,no,,,,,,,,,,0cce4a957a98da5ea0d51a0495d47ac768656a238b6a241a66d6f4a37a88b085
helped,43,yes,perfect,"owner perfect helped_c8; family word_sp0.8; recipe in the batch renderer, not in these columns",batch 21 round c1 / 2026-08-18,clip,af_heart,en-us,0.8,80,300,10,,no,no,0,0,0,no,,,,,,,,,,4492fe21d2ac029af6e5f54ca1f68cd6baafc57595637838496b5357d5c82ade
helper,38,yes,perfect,"owner perfect helper_2; family say_sp0.75; recipe in the batch renderer, not in these columns",batch 21 round 6 / 2026-08-18,clip,af_heart,en-us,0.75,80,300,10,,no,no,0,0,0,no,,,,,,,,,,db96d54aba11024f53ff882d76a82dc535b349209a5d1db791f284faab4a4af0
helpful,98,yes,perfect,"owner perfect helpful_1; family word_sp0.7; recipe in the batch renderer, not in these columns",batch 21 round 6 / 2026-08-18,clip,af_heart,en-us,0.7,80,300,10,,no,no,0,0,0,no,,,,,,,,,,09e8cbc3fe2ec5fc0157a7b162f83ff49afd12d3aecba87362394a8d519d200a
helpless,99,yes,perfect,"owner perfect helpless_2; family solo_trimmed_sp0.8; recipe in the batch renderer, not in these columns",batch 21 round 6 / 2026-08-18,clip,af_heart,en-us,0.8,80,300,10,,no,no,0,0,0,no,,,,,,,,,,d43563ff0c21c16dec921b98c1c93a5be640aaa326090b6a68d1e66c15278df3
her,15,yes,perfect,"owner perfect her_6; family listen_sp0.8_low; recipe in the batch renderer, not in these columns",batch 15 / 2026-08-16,clip,af_heart,en-us,0.8,80,300,10,,no,no,0,0,0,no,,,,,,,,,,72815a672cc8aa7c62844d11fad71f51a10bbaeeae650a3a2a366ed2367a2230
here,84,yes,perfect,"owner perfect here_4; family word_sp0.7; recipe in the batch renderer, not in these columns",batch 21 round 6 / 2026-08-18,clip,af_heart,en-us,0.7,80,300,10,,no,no,0,0,0,no,,,,,,,,,,ee752384ec5eb955c32d9e6e61ae3189eae0d4b1f1e4f9902b279afeff56961c
hey,59,yes,perfect,"owner perfect hey_1; family say_sp0.7; recipe in the batch renderer, not in these columns",batch 21 round 6 / 2026-08-18,clip,af_heart,en-us,0.7,80,300,10,,no,no,0,0,0,no,,,,,,,,,,813b3949d43bc58858277e1eec405674b4f55cb31d65dec0e9e6ead61e7a9e80
hide,66,yes,perfect,"owner perfect hide_5; family listen_sp0.75; recipe in the batch renderer, not in these columns",batch 21 round 6 / 2026-08-18,clip,af_heart,en-us,0.75,80,300,10,,no,no,0,0,0,no,,,,,,,,,,379b5476bbc1f81a40c5ac90e8b3df551b29c02b20e8406b1893319b555a4379
high,67,yes,perfect,"owner perfect high_5; family listen_sp0.75; recipe in the batch renderer, not in these columns",batch 21 round 6 / 2026-08-18,clip,af_heart,en-us,0.75,80,300,10,,no,no,0,0,0,no,,,,,,,,,,eb73ab418c64a9577bd40c7619bc4449f8e12366721eb78290d41ec3da7d5a77
hilltop,39,yes,perfect,"owner perfect hilltop_c3; family say_sp0.9; recipe in the batch renderer, not in these columns",batch 21 round c1 / 2026-08-18,clip,af_heart,en-us,0.9,80,300,10,,no,no,0,0,0,no,,,,,,,,,,701a4948d66170dfdeb2950b47629fa94d603492574d2396d89dc55ba57c3d99
hits,20,yes,perfect,"owner perfect hits_1; family listen_sp0.8; recipe in the batch renderer, not in these columns",batch 18 / 2026-08-17,clip,af_heart,en-us,0.8,80,300,10,,no,no,0,0,0,no,,,,,,,,,,d364c0ee0b6157ec9b4fa5629f452d0ddd4e40c0e5fc04ecbd58811329e86d22
hole,64,yes,perfect,"owner perfect hole_1; family say_sp0.7; recipe in the batch renderer, not in these columns",batch 21 round 6 / 2026-08-18,clip,af_heart,en-us,0.7,80,300,10,,no,no,0,0,0,no,,,,,,,,,,494eb9670fde27fb29d195477140925958921753e470e8c9d2b1e3ecc50bdc26
holes,64,yes,perfect,"owner perfect holes_2; family listen_sp0.75; recipe in the batch renderer, not in these columns",batch 18 / 2026-08-17,clip,af_heart,en-us,0.75,80,300,10,,no,no,0,0,0,no,,,,,,,,,,568dc7c154247cfc7bcec7bcaa839056313be12f8f8531886fa36063abe060d0
holiday,71,yes,perfect,"owner perfect holiday_3; family say_sp0.8; recipe in the batch renderer, not in these columns",batch 21 round 6 / 2026-08-18,clip,af_heart,en-us,0.8,80,300,10,,no,no,0,0,0,no,,,,,,,,,,3412bb9ad44c5ca371824578bca4a9dfd7d4ede09fccfe7c6ad0bd5499d20139
home,64,yes,perfect,"owner perfect home_4; family listen_sp0.7; recipe in the batch renderer, not in these columns",batch 21 round 6 / 2026-08-18,clip,af_heart,en-us,0.7,80,300,10,,no,no,0,0,0,no,,,,,,,,,,b8877fca5c5c67e7cf86a2946c7893203dabcf7f456999fa4789ccf59289dd30
honey,63,yes,perfect,"owner perfect honey_4; family listen_sp0.7; recipe in the batch renderer, not in these columns",batch 21 round 6 / 2026-08-18,clip,af_heart,en-us,0.7,80,300,10,,no,no,0,0,0,no,,,,,,,,,,bdf713c2e5b907b71ec70467b2670bcc1eef2a293414d218a0cb570ceb4596e5
hope,64,yes,perfect,"owner perfect hope_4; family listen_sp0.75; recipe in the batch renderer, not in these columns",batch 21 round 6 / 2026-08-18,clip,af_heart,en-us,0.75,80,300,10,,no,no,0,0,0,no,,,,,,,,,,eae290f8014769663950b258b4cd79087018b3f2e356e212516d7bab66df77b1
hopeless,99,yes,perfect,"owner perfect hopeless_4; family listen_sp0.7; recipe in the batch renderer, not in these columns",batch 21 round 6 / 2026-08-18,clip,af_heart,en-us,0.7,80,300,10,,no,no,0,0,0,no,,,,,,,,,,969a0b31d78039f4d24f589a255e9fe0a958be9fbd31ce09090a87398af68849
horse,81,yes,perfect,"owner perfect horse_4; family listen_sp0.7; recipe in the batch renderer, not in these columns",batch 21 round 6 / 2026-08-18,clip,af_heart,en-us,0.7,80,300,10,,no,no,0,0,0,no,,,,,,,,,,7799ea45be54bf7f6725aac0572ddf403963b419f133fb6973f39aea443f0005
house,77,yes,perfect,"owner perfect house_4; family listen_sp0.7; recipe in the batch renderer, not in these columns",batch 21 round 6 / 2026-08-18,clip,af_heart,en-us,0.7,80,300,10,,no,no,0,0,0,no,,,,,,,,,,e7996addb1c7a25158a63716615876d83d4a9b4b70ac6ce88b19d5c3272f4be3
how,77,yes,perfect,"owner perfect how_c8; family word_sp0.8; recipe in the batch renderer, not in these columns",batch 21 round c1 / 2026-08-18,clip,af_heart,en-us,0.8,80,300,10,,no,no,0,0,0,no,,,,,,,,,,c5a8897cef1e93d1d3f25e7305e7b82faabebf5d30d98c529cd856379029eae4
huge,87,yes,perfect,"owner perfect huge_2; family say_sp0.75; recipe in the batch renderer, not in these columns",batch 21 round 6 / 2026-08-18,clip,af_heart,en-us,0.75,80,300,10,,no,no,0,0,0,no,,,,,,,,,,9df04ac641a9ffd50fc627d5c409f7e44cca81ec1f77a8effdccf33a3db058aa
hunt,14,yes,perfect,"owner perfect hunt_2; family listen_sp0.75; recipe in the batch renderer, not in these columns",batch 18 / 2026-08-17,clip,af_heart,en-us,0.75,80,300,10,,no,no,0,0,0,no,,,,,,,,,,1b6e17e5ea18ddbc8d5bed0aa870c608d01e0bd3de57e69e3839ddd61372eddc
hunting,37,yes,perfect,"owner perfect hunting_3; family listen_sp0.8; recipe in the batch renderer, not in these columns",batch 21 round 6 / 2026-08-18,clip,af_heart,en-us,0.8,80,300,10,,no,no,0,0,0,no,,,,,,,,,,6a893fc7203a07e5052685f6055a974c93a31e525c65d1bee8022e33a71087c6
illness,41,yes,perfect,"owner perfect illness_5; family listen_sp0.75; recipe in the batch renderer, not in these columns",batch 21 round 6 / 2026-08-18,clip,af_heart,en-us,0.75,80,300,10,,no,no,0,0,0,no,,,,,,,,,,a5292afb777ef2a07577004b64933b243cb9763051989a15b265cc69b2f37f68
inside,66,yes,perfect,"owner perfect inside_4; family listen_sp0.7; recipe in the batch renderer, not in these columns",batch 21 round 6 / 2026-08-18,clip,af_heart,en-us,0.7,80,300,10,,no,no,0,0,0,no,,,,,,,,,,ec6012668fa0810b7d8713868d6fb8c624d7a5272ec81df8444472e74fa2807e
jacket,42,yes,perfect,"owner perfect jacket_1; family say_sp0.7; recipe in the batch renderer, not in these columns",R1 round 1 / 2026-08-19,clip,af_heart,en-us,0.7,80,300,10,,no,no,0,0,0,no,,,,,,,,,,4ee119aa0ff9b12e26999d4ae2fb2950bd1aec1d1961491338b8e5a0e69c0eb0
jaw,82,yes,perfect,"owner perfect jaw_4; family listen_sp0.75; recipe in the batch renderer, not in these columns",batch 21 round 7 / 2026-08-18,clip,af_heart,en-us,0.75,80,300,10,,no,no,0,0,0,no,,,,,,,,,,8e9dc5a55b4f08386ae2f7f1f6cf52a98b27306c258330a69b894731378bc0fc
jelly,51,yes,perfect,"owner perfect jelly_5; family listen_sp0.75; recipe in the batch renderer, not in these columns",batch 21 round 7 / 2026-08-18,clip,af_heart,en-us,0.75,80,300,10,,no,no,0,0,0,no,,,,,,,,,,7101294c6936e83ca27238d09016bddfef91f5c19dc40e35896da6e359b5a587
join,78,yes,perfect,"owner perfect join_f3; family listen_sp0.9; recipe in the batch renderer, not in these columns",batch 21 round final / 2026-08-18,clip,af_heart,en-us,0.9,80,300,10,,no,no,0,0,0,no,,,,,,,,,,7cd41b7b403e9090582910985da4efdb4a004184cc19ee3d56df09dd32fbfc45
joyful,98,yes,perfect,"owner perfect joyful_1; family say_sp0.7; recipe in the batch renderer, not in these columns",R1 round 1 / 2026-08-19,clip,af_heart,en-us,0.7,80,300,10,,no,no,0,0,0,no,,,,,,,,,,8e1e70cc6b3a72015851c3575e3ea5f0942ac4cf9d85cf50c2794141199fa1c4
judge,88,yes,perfect,"owner perfect judge_f8; family word_sp0.8; recipe in the batch renderer, not in these columns",batch 21 round final / 2026-08-18,clip,af_heart,en-us,0.8,80,300,10,,no,no,0,0,0,no,,,,,,,,,,0e462c9c2efbe4889345a4805db2bc10dc294d25a4cd559eaf7ffc6a9ab91859
jumped,43,yes,perfect,"owner perfect jumped_4; family listen_sp0.7; recipe in the batch renderer, not in these columns",batch 21 round 7 / 2026-08-18,clip,af_heart,en-us,0.7,80,300,10,,no,no,0,0,0,no,,,,,,,,,,0c18bc08915ee655e358a11597ebeb87dadeb72448533027b02fced946d5c98e
jumper,38,yes,perfect,"owner perfect jumper_5; family listen_sp0.8; recipe in the batch renderer, not in these columns",batch 21 round 7 / 2026-08-18,clip,af_heart,en-us,0.8,80,300,10,,no,no,0,0,0,no,,,,,,,,,,1f6df3ccc3d2baa74e730dd7b0980d4b549b2d1c0a2fb68b30c63a9a4d6fb3f8
jumps,17,yes,perfect,"owner perfect jumps_2; family listen_sp0.75; recipe in the batch renderer, not in these columns",batch 18 / 2026-08-17,clip,af_heart,en-us,0.75,80,300,10,,no,no,0,0,0,no,,,,,,,,,,9503486614b1e57a0e2b3cc946361fa6c42cafb95bae848a979933ccff34b7a5
kicked,43,yes,perfect,"owner perfect kicked_r2; family pair_sp0.7; recipe in the batch renderer, not in these columns",batch 21 round rescue / 2026-08-18,clip,af_heart,en-us,0.7,80,300,10,,no,no,0,0,0,no,,,,,,,,,,4e141a1925f34b7e9b0efebe6c4d855457bbaf3c53844fba09778bd42e0bd60e
kind,68,yes,perfect,"owner perfect kind_4; family listen_sp0.7; recipe in the batch renderer, not in these columns",batch 21 round 7 / 2026-08-18,clip,af_heart,en-us,0.7,80,300,10,,no,no,0,0,0,no,,,,,,,,,,ee5f34aff2b2704b68e44095b3a4ffaa350148fdba366c9231d578a46e0ce499
kindly,68,yes,perfect,"owner perfect kindly_4; family listen_sp0.7; recipe in the batch renderer, not in these columns",batch 21 round 7 / 2026-08-18,clip,af_heart,en-us,0.7,80,300,10,,no,no,0,0,0,no,,,,,,,,,,c4917e82d5e64ce92ed15dac018f1f1cfc87851eb5aa74413f565e960294844e
kindness,99,yes,perfect,"owner perfect kindness_1; family say_sp0.7; recipe in the batch renderer, not in these columns",batch 21 round 7 / 2026-08-18,clip,af_heart,en-us,0.7,80,300,10,,no,no,0,0,0,no,,,,,,,,,,487fd54ea69feb7eb57ee17a2ca89854bf0dc4400f3b4b936fdaccffd2b21f45
kitten,49,yes,perfect,"owner perfect kitten_2; family say_sp0.75; recipe in the batch renderer, not in these columns",batch 21 round 7 / 2026-08-18,clip,af_heart,en-us,0.75,80,300,10,,no,no,0,0,0,no,,,,,,,,,,f8f470ec10807d1799002f6c3787686bbe0478013c23c19a3d054dd8318c9bb2
ladder,46,yes,perfect,"owner perfect ladder_5; family listen_sp0.75; recipe in the batch renderer, not in these columns",batch 21 round 7 / 2026-08-18,clip,af_heart,en-us,0.75,80,300,10,,no,no,0,0,0,no,,,,,,,,,,fc1728b6ea0d5f92db0ff84770644502e556f888f39e4d7bc105c011e9d9bf14
lady,72,yes,perfect,"owner perfect lady_5; family listen_sp0.75; recipe in the batch renderer, not in these columns",R1 round 1 / 2026-08-19,clip,af_heart,en-us,0.75,80,300,10,,no,no,0,0,0,no,,,,,,,,,,ced41033823fd73fbc08fa92a3acb363954188d5d1806cbb407acd08404f22ca
lake,57,yes,perfect,"owner perfect lake_6; family listen_sp0.8; recipe in the batch renderer, not in these columns",batch 20 / 2026-08-17,clip,af_heart,en-us,0.8,80,300,10,,no,no,0,0,0,no,,,,,,,,,,583f63fda70b90ec1aa590f98ae09919c9909716e0b926a976cb4167cdab7e7e
lamps,32,yes,perfect,"owner perfect lamps_6; family listen_sp0.8; recipe in the batch renderer, not in these columns",R1 round 1 / 2026-08-19,clip,af_heart,en-us,0.8,80,300,10,,no,no,0,0,0,no,,,,,,,,,,8a28eafbdea34a23b2ee9c265936ed51b91bf97e48154f4cb3ca8af60c10abb1
landed,45,yes,perfect,"owner perfect landed_4; family listen_sp0.7; recipe in the batch renderer, not in these columns",batch 21 round 7 / 2026-08-18,clip,af_heart,en-us,0.7,80,300,10,,no,no,0,0,0,no,,,,,,,,,,9e0ae7a895252e5f3dae1fbb4fda16dd8efe8e829b9b4777fd248e871ef0d7a1
laptop,20,yes,perfect,"owner perfect ; family listen_sp0.9; recipe in the batch renderer, not in these columns",batch 12 (2026-08-11),clip,af_heart,en-us,0.9,80,300,10,,no,no,0,0,0,no,,,,,,,,,,e000cc85f573d34602797f0acda3cabc7e38916f23add348859f6ee3ca85b52f
late,60,yes,perfect,"owner perfect late_5; family listen_sp0.75; recipe in the batch renderer, not in these columns",batch 20 / 2026-08-17,clip,af_heart,en-us,0.75,80,300,10,,no,no,0,0,0,no,,,,,,,,,,7eff5927aef07132edc1a4300be55b9fde8cd9bafdf37525104c1d3161958c49
later,72,yes,perfect,"owner perfect later_4; family listen_sp0.7; recipe in the batch renderer, not in these columns",R1 round 1 / 2026-08-19,clip,af_heart,en-us,0.7,80,300,10,,no,no,0,0,0,no,,,,,,,,,,2ea8cece0cd8bc4a108ec20b653443673bd8570e2d4da53da308416a6ad4762d
laugh,82,yes,perfect,"owner perfect laugh_5; family listen_sp0.75; recipe in the batch renderer, not in these columns",batch 21 round 7 / 2026-08-18,clip,af_heart,en-us,0.75,80,300,10,,no,no,0,0,0,no,,,,,,,,,,102189ad962027cead7adfae908122e77f1b5aee6edb0be72296094117e3a14f
lawn,82,yes,perfect,"owner perfect lawn_5; family listen_sp0.75; recipe in the batch renderer, not in these columns",batch 21 round 7 / 2026-08-18,clip,af_heart,en-us,0.75,80,300,10,,no,no,0,0,0,no,,,,,,,,,,d76995214eff11f451d95ad8467ed93deaed5641ad1656b85d09d45ec47dae0e
lay,58,yes,perfect,"owner perfect lay_1; family listen_sp0.75; recipe in the batch renderer, not in these columns",batch 15 / 2026-08-16,clip,af_heart,en-us,0.75,80,300,10,,no,no,0,0,0,no,,,,,,,,,,72594532784f1c78985ca14c743c2521f7b8b4213804b5dcda8bf4ff2ecc516e
lazy,72,yes,perfect,"owner perfect lazy_2; family say_sp0.75; recipe in the batch renderer, not in these columns",R1 round 1 / 2026-08-19,clip,af_heart,en-us,0.75,80,300,10,,no,no,0,0,0,no,,,,,,,,,,02f153a37b57ba315ee61049a595f5c4c0c40b54a2faaec6584d61ce1d2ecbf3
leaf,62,yes,perfect,"owner perfect leaf_4; family listen_sp0.7; recipe in the batch renderer, not in these columns",batch 21 round 7 / 2026-08-18,clip,af_heart,en-us,0.7,80,300,10,,no,no,0,0,0,no,,,,,,,,,,afcfbaac062c35bfd418f9b958f9b6a97cc57ce4d56f589c88673b34e4470f4a
leave,62,yes,perfect,"owner perfect leave_f3; family listen_sp0.9; recipe in the batch renderer, not in these columns",batch 21 round final / 2026-08-18,clip,af_heart,en-us,0.9,80,300,10,,no,no,0,0,0,no,,,,,,,,,,8ded4f2d5afd8b08f7ba3e58587160e1fa1c84e02db110b003d9e8e923f42d3e
licked,43,yes,perfect,"owner perfect licked_f2; family listen_sp0.9; recipe in the batch renderer, not in these columns",batch 21 round final / 2026-08-18,clip,af_heart,en-us,0.9,80,300,10,,no,no,0,0,0,no,,,,,,,,,,8aa442a2e7e4d4c2ced14485d0465eca645417f4292849eb06ecaf280b9ae933
lifted,45,yes,perfect,"owner perfect lifted_5; family listen_sp0.8; recipe in the batch renderer, not in these columns",batch 21 round 7 / 2026-08-18,clip,af_heart,en-us,0.8,80,300,10,,no,no,0,0,0,no,,,,,,,,,,952a689909a50a026ccb2a9b2816b78549fd0a6334d2cc21af497263c93ceed8
light,67,yes,perfect,"owner perfect light_4; family listen_sp0.7; recipe in the batch renderer, not in these columns",batch 21 round 7 / 2026-08-18,clip,af_heart,en-us,0.7,80,300,10,,no,no,0,0,0,no,,,,,,,,,,c6acdbe61023a565c175851e788ed38990e3f3381ba515e345662e66e0895e85
like,66,yes,perfect,"owner perfect like_5; family listen_sp0.75; recipe in the batch renderer, not in these columns",batch 21 round 7 / 2026-08-18,clip,af_heart,en-us,0.75,80,300,10,,no,no,0,0,0,no,,,,,,,,,,645042430ab27356e0b5f3a0b648a5a5b77c5a5d11d313173194688bd612d7db
liked,73,yes,perfect,"owner perfect liked_3; family listen_sp0.8; recipe in the batch renderer, not in these columns",batch 18 / 2026-08-17,clip,af_heart,en-us,0.8,80,300,10,,no,no,0,0,0,no,,,,,,,,,,df5bba121c4f2473223199eff02ae541443f00d9fa90172170dcf5ac137aa674
likes,66,yes,perfect,"owner perfect likes_1; family listen_sp0.8; recipe in the batch renderer, not in these columns",batch 18 / 2026-08-17,clip,af_heart,en-us,0.8,80,300,10,,no,no,0,0,0,no,,,,,,,,,,7b75398e8859eecfc4e7f8d4e8eca227625897bc884c0969486485d24835cc9b
line,66,yes,perfect,"owner perfect line_5; family listen_sp0.75; recipe in the batch renderer, not in these columns",batch 21 round 7 / 2026-08-18,clip,af_heart,en-us,0.75,80,300,10,,no,no,0,0,0,no,,,,,,,,,,96d48db32defe9b490a3b86b5a3ddbefbb2386213eb52ef15468cf2b2d5908eb
little,48,yes,perfect,"owner perfect little_f3; family listen_sp0.9; recipe in the batch renderer, not in these columns",batch 21 round final / 2026-08-18,clip,af_heart,en-us,0.9,80,300,10,,no,no,0,0,0,no,,,,,,,,,,0114f152072817244430ddd1250b29908e08caff96acd5d87c35bd981d53669e
live,66,yes,perfect,"owner perfect live_2; family say_sp0.75; recipe in the batch renderer, not in these columns",batch 21 round 7 / 2026-08-18,clip,af_heart,en-us,0.75,80,300,10,,no,no,0,0,0,no,,,,,,,,,,6f7ae7ba4adc102833b82aea41e248ad88a4753235c45411284462963fa49f12
lived,16,yes,perfect,"owner perfect lived_3; family listen_sp0.8; recipe in the batch renderer, not in these columns",batch 18 / 2026-08-17,clip,af_heart,en-us,0.8,80,300,10,,no,no,0,0,0,no,,,,,,,,,,d7ca905eca1333ebdf1a985cb86d1c0e74b47522267becaac6ecdda2686379f2
logs,20,yes,perfect,"owner perfect logs_3; family listen_sp0.8; recipe in the batch renderer, not in these columns",batch 18 / 2026-08-17,clip,af_heart,en-us,0.8,80,300,10,,no,no,0,0,0,no,,,,,,,,,,f6975799c744da747e23f8b01bc95ca6584b79b75f480bc550ff464c505d7996
look,75,yes,perfect,"owner perfect look_4; family listen_sp0.7; recipe in the batch renderer, not in these columns",batch 21 round 7 / 2026-08-18,clip,af_heart,en-us,0.7,80,300,10,,no,no,0,0,0,no,,,,,,,,,,e3f13b72e702f7dc129f996ccfb97d62f7bf92ad7ae53cdc3c40b1b80c3c744c
looked,75,yes,perfect,"owner perfect looked_4; family listen_sp0.7; recipe in the batch renderer, not in these columns",batch 21 round 7 / 2026-08-18,clip,af_heart,en-us,0.7,80,300,10,,no,no,0,0,0,no,,,,,,,,,,0a63378f9f7359cb4dd42195cde74d1e274a91ca35447cf968e3b5f627a0a2da
lots,13,yes,perfect,"owner perfect lots_3; family sentence_sp0.7; recipe in the batch renderer, not in these columns",batch 18 / 2026-08-17,clip,af_heart,en-us,0.7,80,300,10,,no,no,0,0,0,no,,,,,,,,,,51a0d27f09f38616e4bd090a4681e2e0a2c4f0edafe117817981988063ea3bef
loud,77,yes,perfect,"owner perfect loud_5; family listen_sp0.75; recipe in the batch renderer, not in these columns",batch 21 round 7 / 2026-08-18,clip,af_heart,en-us,0.75,80,300,10,,no,no,0,0,0,no,,,,,,,,,,cdab93b04a5d4c0862591ca267242df75140d7cfd81c892e5b48c9cf06e2548f
loyal,78,yes,perfect,"owner perfect loyal_3; family say_sp0.8; recipe in the batch renderer, not in these columns",batch 21 round 7 / 2026-08-18,clip,af_heart,en-us,0.8,80,300,10,,no,no,0,0,0,no,,,,,,,,,,38e4bf59d6d7b4c4209dcf85974524cd57fa33f6bc815c29a05ca6f28b62663d
lucky,51,yes,perfect,"owner perfect lucky_3; family word_sp0.75; recipe in the batch renderer, not in these columns",batch 21 round 7 / 2026-08-18,clip,af_heart,en-us,0.75,80,300,10,,no,no,0,0,0,no,,,,,,,,,,2ec998e115d20b3b946e80c6b161ffff601d56349c5c52005a707514b715f110
lunch,23,yes,perfect,"owner perfect lunch_1; family say_sp0.7; recipe in the batch renderer, not in these columns",R1 round 1 / 2026-08-19,clip,af_heart,en-us,0.7,80,300,10,,no,no,0,0,0,no,,,,,,,,,,a97b776727296c3b72deea84932cea919fb6c6780016acc26a0b076186a4e066
machine,94,yes,perfect,"owner perfect machine_5; family listen_sp0.75; recipe in the batch renderer, not in these columns",round 15 / 2026-08-20,clip,af_heart,en-us,0.75,80,300,10,,no,no,0,0,0,no,,,,,,,,,,003d4afbf608d2db00b9704807c0bb33a139edd7b3160473be9b674610e89778
made,57,yes,perfect,"owner perfect made_f9; family word_sp0.9; recipe in the batch renderer, not in these columns",batch 21 round final / 2026-08-18,clip,af_heart,en-us,0.9,80,300,10,,no,no,0,0,0,no,,,,,,,,,,f60c26f80266c5579443c323bd29ecba639ce129d7c358e357d1a17a0a40d44e
magic,87,yes,perfect,"owner perfect magic_6; family listen_sp0.8; recipe in the batch renderer, not in these columns",R1 round 1 / 2026-08-19,clip,af_heart,en-us,0.8,80,300,10,,no,no,0,0,0,no,,,,,,,,,,2be0e20f2ef61482599f8706fde2de98edc1ceecf6c277f424950a026581a6bd
make,60,yes,perfect,"owner perfect make_4; family listen_sp0.7; recipe in the batch renderer, not in these columns",batch 20 / 2026-08-17,clip,af_heart,en-us,0.7,80,300,10,,no,no,0,0,0,no,,,,,,,,,,d0a8321c16d44b39c5cdecaf535c45c92acf095b72d2468e3c6772f24597202b
makes,60,yes,perfect,"owner perfect makes_3; family here_sp0.8; recipe in the batch renderer, not in these columns",batch 19 / 2026-08-17,clip,af_heart,en-us,0.8,80,300,10,,no,no,0,0,0,no,,,,,,,,,,9e0962badef2c1f10f7d10a9a31a4c8062daf38a8d43da936694bc653ff6f726
maple,72,yes,perfect,"owner perfect maple_6; family listen_sp0.8; recipe in the batch renderer, not in these columns",R1 round 2 / 2026-08-19,clip,af_heart,en-us,0.8,80,300,10,,no,no,0,0,0,no,,,,,,,,,,cfb13c30d4e8eb8d6296258a11bfc120cd94aa71748899efa6cf6b05e5a89bea
match,88,yes,perfect,"owner perfect match_3; family here_sp0.8; recipe in the batch renderer, not in these columns",batch 21 round 8 / 2026-08-18,clip,af_heart,en-us,0.8,80,300,10,,no,no,0,0,0,no,,,,,,,,,,fab89849305a31c60eb6755e000a2b4cdd3dc09429ec60b54c1ddce0991ace6a
matches,88,yes,perfect,"owner perfect matches_6; family listen_sp0.8; recipe in the batch renderer, not in these columns",batch 21 round 8 / 2026-08-18,clip,af_heart,en-us,0.8,80,300,10,,no,no,0,0,0,no,,,,,,,,,,6c388d9d758e5e89ae8eeebe6418795945ca521f49d67af4bc07810ec0131866
mean,62,yes,perfect,"owner perfect mean_4; family listen_sp0.7; recipe in the batch renderer, not in these columns",batch 21 round 8 / 2026-08-18,clip,af_heart,en-us,0.7,80,300,10,,no,no,0,0,0,no,,,,,,,,,,ea6441ddbd2ec2b77dd8aa41c4253aa4fe01052febffb3412dd2fc3edb8acffb
meat,62,yes,perfect,"owner perfect meat_4; family listen_sp0.7; recipe in the batch renderer, not in these columns",batch 21 round 8 / 2026-08-18,clip,af_heart,en-us,0.7,80,300,10,,no,no,0,0,0,no,,,,,,,,,,c3ab0a7a773fdab0602124c713fe554fea39f4df8a411cf2c7e58ad564fda685
mechanic,94,yes,perfect,"owner perfect mechanic_5; family word_sp0.75; recipe in the batch renderer, not in these columns",round 15 / 2026-08-20,clip,af_heart,en-us,0.75,80,300,10,,no,no,0,0,0,no,,,,,,,,,,a4d2e08949af2a295e03b246f92916d58f56415bfe48d6da50724bc5d5da05c4
meet,61,yes,perfect,"owner perfect meet_2; family here_sp0.75; recipe in the batch renderer, not in these columns",batch 21 round 8 / 2026-08-18,clip,af_heart,en-us,0.75,80,300,10,,no,no,0,0,0,no,,,,,,,,,,cf464f47b585ca9a9a960a44be68b71f784bafcab90e881ffd3364fa4505e95e
meets,61,yes,perfect,"owner perfect meets_2; family listen_sp0.7; recipe in the batch renderer, not in these columns",batch 21 round 8 / 2026-08-18,clip,af_heart,en-us,0.7,80,300,10,,no,no,0,0,0,no,,,,,,,,,,a1fa1dc4668ac71bcf5b6874d464263588062dad80386bb03aa47484459322f5
middle,48,yes,perfect,"owner perfect middle_4; family listen_sp0.7; recipe in the batch renderer, not in these columns",batch 21 round 8 / 2026-08-18,clip,af_heart,en-us,0.7,80,300,10,,no,no,0,0,0,no,,,,,,,,,,a8bd90572895a235355248ffdc85839523cce7beaef58c460d31b9ef9c16c363
might,67,yes,perfect,"owner perfect might_4; family listen_sp0.7; recipe in the batch renderer, not in these columns",batch 21 round 8 / 2026-08-18,clip,af_heart,en-us,0.7,80,300,10,,no,no,0,0,0,no,,,,,,,,,,78b98893f54867a0b6efd035514af7598ab199666926e6f016da99ad3c845600
mild,68,yes,perfect,"owner perfect mild_2; family say_sp0.75; recipe in the batch renderer, not in these columns",batch 21 round 8 / 2026-08-18,clip,af_heart,en-us,0.75,80,300,10,,no,no,0,0,0,no,,,,,,,,,,4f516cd397bd821410b580efe819e2cdc48dae9de5364787cf9d6d7bef4a3604
mile,66,yes,perfect,"owner perfect mile_4; family listen_sp0.7; recipe in the batch renderer, not in these columns",batch 21 round 8 / 2026-08-18,clip,af_heart,en-us,0.7,80,300,10,,no,no,0,0,0,no,,,,,,,,,,dc907f3eeff2ccde79db61db3e41fe1d3366ed835ea2f09a6be9126dd63a7c7a
mind,68,yes,perfect,"owner perfect mind_4; family listen_sp0.7; recipe in the batch renderer, not in these columns",batch 21 round 8 / 2026-08-18,clip,af_heart,en-us,0.7,80,300,10,,no,no,0,0,0,no,,,,,,,,,,7de1f15d0396338fa9a7e5428d6703f38de1ea3c688eab971adbe3d19f8435d1
mist,5,yes,perfect,"owner perfect mist_4; family say_sp0.7; recipe in the batch renderer, not in these columns",batch 19 / 2026-08-17,clip,af_heart,en-us,0.7,80,300,10,,no,no,0,0,0,no,,,,,,,,,,cc89d70be003dcbb0ba2fd9df4af8762900fcd52cd393dba97eee70e5b065421
mitt,50,yes,perfect,"owner perfect mitt_3; family listen_sp0.8; recipe in the batch renderer, not in these columns",batch 19 / 2026-08-17,clip,af_heart,en-us,0.8,80,300,10,,no,no,0,0,0,no,,,,,,,,,,d9cfe41e06c33e7760d84b9b57416ebca3d41562d01a8c51ff0a328316dbdb42
mitten,49,yes,perfect,"owner perfect mitten_f2; family listen_sp0.8; recipe in the batch renderer, not in these columns",batch 21 round final / 2026-08-18,clip,af_heart,en-us,0.8,80,300,10,,no,no,0,0,0,no,,,,,,,,,,5a259043a1b2f290164f7baa5285ef9f8f1a16d9a719af884085276d76ffcee7
mixed,43,yes,perfect,"owner perfect mixed_1; family say_sp0.7; recipe in the batch renderer, not in these columns",batch 21 round 8 / 2026-08-18,clip,af_heart,en-us,0.7,80,300,10,,no,no,0,0,0,no,,,,,,,,,,7ceb1256db2497609a6cb2edbaec148587c004e99f24a4303cb75fc856ae5523
mixture,96,yes,perfect,"owner perfect mixture_3; family say_sp0.8; recipe in the batch renderer, not in these columns",batch 21 round 8 / 2026-08-18,clip,af_heart,en-us,0.8,80,300,10,,no,no,0,0,0,no,,,,,,,,,,2757b7718fb776b07b9d4cf49bb899e497f7ecc26d657ad3638ef32b26df5f47
money,63,yes,perfect,"owner perfect money_6; family listen_sp0.8; recipe in the batch renderer, not in these columns",batch 21 round 8 / 2026-08-18,clip,af_heart,en-us,0.8,80,300,10,,no,no,0,0,0,no,,,,,,,,,,59fd2cc60304b4d6d3d15cc96e9617263ca73a99dac2c0c97b49e18bfdacae5f
monkey,63,yes,perfect,"owner perfect monkey_f9; family here_sp0.7; recipe in the batch renderer, not in these columns",batch 21 round final / 2026-08-18,clip,af_heart,en-us,0.7,80,300,10,,no,no,0,0,0,no,,,,,,,,,,4ad538e00fd7b15f432c9400355be1fa786071077ce6d2eaa4e0a53752b5108f
moon,74,yes,perfect,"owner perfect moon_4; family listen_sp0.7; recipe in the batch renderer, not in these columns",batch 21 round 8 / 2026-08-18,clip,af_heart,en-us,0.7,80,300,10,,no,no,0,0,0,no,,,,,,,,,,c7c835aaa4841620254f9fb81cdf65a159c2b9792932f8a75b3e2466c8949d91
more,81,yes,perfect,"owner perfect more_5; family listen_sp0.75; recipe in the batch renderer, not in these columns",batch 21 round 8 / 2026-08-18,clip,af_heart,en-us,0.75,80,300,10,,no,no,0,0,0,no,,,,,,,,,,e1d3f0491b81c100ea5ba6efa5c16ae5196adab187cf4e8ac38afe2b6513c916
mother,38,yes,perfect,"owner perfect mother_5; family listen_sp0.75; recipe in the batch renderer, not in these columns",batch 21 round 8 / 2026-08-18,clip,af_heart,en-us,0.75,80,300,10,,no,no,0,0,0,no,,,,,,,,,,64aa34a77fc8ced0c379b392708f7853c514e4e4136c3faf40b3e8cee232f66d
motion,95,yes,perfect,"owner perfect motion_2; family say_sp0.75; recipe in the batch renderer, not in these columns",batch 21 round 8 / 2026-08-18,clip,af_heart,en-us,0.75,80,300,10,,no,no,0,0,0,no,,,,,,,,,,bcf0388f52d13f4d702fa5f1e9685f57530f5bb40fe907f87b78bc7738cd0e93
mouse,77,yes,perfect,"owner perfect mouse_2; family say_sp0.75; recipe in the batch renderer, not in these columns",batch 21 round 8 / 2026-08-18,clip,af_heart,en-us,0.75,80,300,10,,no,no,0,0,0,no,,,,,,,,,,0af315928da73b147f99062042b51bd99a2aeadb977dad9f8aa67a430a828aa7
mouthful,98,yes,perfect,"owner perfect mouthful_1; family here_sp0.8; recipe in the batch renderer, not in these columns",R1 round 2 / 2026-08-19,clip,af_heart,en-us,0.8,80,300,10,,no,no,0,0,0,no,,,,,,,,,,4b828e97598b057a234f79e16205b22a589293b291a5ea708b77a831f63b3424
muffin,41,yes,perfect,"owner perfect muffin_f2; family listen_sp0.8; recipe in the batch renderer, not in these columns",batch 21 round final / 2026-08-18,clip,af_heart,en-us,0.8,80,300,10,,no,no,0,0,0,no,,,,,,,,,,5d4dcbd5b0165f4658f493a401e5507f8fdb4b0f75a1841cde43e9bf45ce3ee1
mule,76,yes,perfect,"owner perfect mule_4; family listen_sp0.7; recipe in the batch renderer, not in these columns",batch 21 round 8 / 2026-08-18,clip,af_heart,en-us,0.7,80,300,10,,no,no,0,0,0,no,,,,,,,,,,ef9147d0b582381dfe4412b9b6770cfe68b73129536dd5de46b93b88537804bd
munch,23,yes,perfect,"owner perfect munch_1; family say_sp0.7; recipe in the batch renderer, not in these columns",R1 round 2 / 2026-08-19,clip,af_heart,en-us,0.7,80,300,10,,no,no,0,0,0,no,,,,,,,,,,7962a403e77c02f02a433c634efc9d63742f9b78e0d89cfbc2c96cd38e9c61dd
nation,95,yes,perfect,"owner perfect nation_4; family listen_sp0.7; recipe in the batch renderer, not in these columns",batch 21 round 8 / 2026-08-18,clip,af_heart,en-us,0.7,80,300,10,,no,no,0,0,0,no,,,,,,,,,,86593771970cb24b69e2950e0bf79b56c3898d53305d5a3c0edab5c7f63d0542
nature,96,yes,perfect,"owner perfect nature_5; family listen_sp0.75; recipe in the batch renderer, not in these columns",batch 21 round 8 / 2026-08-18,clip,af_heart,en-us,0.75,80,300,10,,no,no,0,0,0,no,,,,,,,,,,a40c0052596a99d97e423953df1e60eba17d0b97df937389e10f8a611fe170d4
near,84,yes,perfect,"owner perfect near_5; family listen_sp0.75; recipe in the batch renderer, not in these columns",batch 21 round 8 / 2026-08-18,clip,af_heart,en-us,0.75,80,300,10,,no,no,0,0,0,no,,,,,,,,,,022304af8a074896786896e7fe919d27ae6f6cd82936c9a52859cf71d582933a
need,61,yes,perfect,"owner perfect need_5; family listen_sp0.75; recipe in the batch renderer, not in these columns",batch 21 round 8 / 2026-08-18,clip,af_heart,en-us,0.75,80,300,10,,no,no,0,0,0,no,,,,,,,,,,ed30be876fefb7bc0d848d85054723ee637d2b99d505a27ae2e29d7888537059
needed,71,yes,perfect,"owner perfect needed_4; family listen_sp0.7; recipe in the batch renderer, not in these columns",batch 21 round 8 / 2026-08-18,clip,af_heart,en-us,0.7,80,300,10,,no,no,0,0,0,no,,,,,,,,,,3fcf4f5cd02dae8f0d0b226dac1fd55aa5ff862d839f788c2857fd153cf47a76
nestle,93,yes,perfect,"owner perfect nestle_1; family say_sp0.7; recipe in the batch renderer, not in these columns",batch 21 round 8 / 2026-08-18,clip,af_heart,en-us,0.7,80,300,10,,no,no,0,0,0,no,,,,,,,,,,3455e9fb7ce04d4b8beb26a5ed9030e61a0f416042f3f4397a22434b998516a2
nests,32,yes,perfect,"owner perfect nests_1; family say_sp0.75; recipe in the batch renderer, not in these columns",R1 round 2 / 2026-08-19,clip,af_heart,en-us,0.75,80,300,10,,no,no,0,0,0,no,,,,,,,,,,92ea446ff2bd9dfa70dff12dfd77cc0e62d6d4a4c71c20c704c4f8ad41247886
never,41,yes,perfect,"owner perfect never_5; family listen_sp0.75; recipe in the batch renderer, not in these columns",batch 21 round 9 / 2026-08-18,clip,af_heart,en-us,0.75,80,300,10,,no,no,0,0,0,no,,,,,,,,,,187417b1c27190bae7cb46210839b0b13a6c96b2f9dcd9b99267c3f2fc2d1c99
new,76,yes,perfect,"owner perfect new_5; family listen_sp0.75; recipe in the batch renderer, not in these columns",batch 21 round 9 / 2026-08-18,clip,af_heart,en-us,0.75,80,300,10,,no,no,0,0,0,no,,,,,,,,,,421ce1bea87e54cd4797f70a01dbcf57af0bb7e6e0a382d50d063d2614d05e09
next,32,yes,perfect,"owner perfect next_5; family listen_sp0.8; recipe in the batch renderer, not in these columns",R1 round 2 / 2026-08-19,clip,af_heart,en-us,0.8,80,300,10,,no,no,0,0,0,no,,,,,,,,,,ef8d2052e656d2d7484e8fadd5f7e0772554b655522018daf17d38caf02e0f7c
niece,63,yes,perfect,"owner perfect niece_1; family say_sp0.7; recipe in the batch renderer, not in these columns",batch 21 round 9 / 2026-08-18,clip,af_heart,en-us,0.7,80,300,10,,no,no,0,0,0,no,,,,,,,,,,d661b84fcac33ab9ed40848e6ea587ac8767f7d25febe21a8b4a9f0ec31fd2f6
night,67,yes,perfect,"owner perfect night_5; family listen_sp0.75; recipe in the batch renderer, not in these columns",batch 21 round 9 / 2026-08-18,clip,af_heart,en-us,0.75,80,300,10,,no,no,0,0,0,no,,,,,,,,,,7f92633141f66ea2f8f138dc9e2d12fec8bbaa5069ce47a53ff2da391409dd61
nine,66,yes,perfect,"owner perfect nine_6; family listen_sp0.8; recipe in the batch renderer, not in these columns",batch 21 round 9 / 2026-08-18,clip,af_heart,en-us,0.8,80,300,10,,no,no,0,0,0,no,,,,,,,,,,ddd6756db3c7acb96416ebf2dfc4af28de415a71a239e40d4442269841f5b959
noise,78,yes,perfect,"owner perfect noise_2; family say_sp0.75; recipe in the batch renderer, not in these columns",batch 21 round 9 / 2026-08-18,clip,af_heart,en-us,0.75,80,300,10,,no,no,0,0,0,no,,,,,,,,,,af4a1b99003c71c75e86f29f6a2d02e6950edb86441e75ebffa8d08fa4959baf
nose,64,yes,perfect,"owner perfect nose_5; family listen_sp0.75; recipe in the batch renderer, not in these columns",batch 21 round 9 / 2026-08-18,clip,af_heart,en-us,0.75,80,300,10,,no,no,0,0,0,no,,,,,,,,,,6615530e9712eff52d687c1e3b1f01a23fdc360e3b60c303c2a6c25d0c640055
noses,73,yes,perfect,"owner perfect noses_5; family say_sp0.75; recipe in the batch renderer, not in these columns",batch 19 / 2026-08-17,clip,af_heart,en-us,0.75,80,300,10,,no,no,0,0,0,no,,,,,,,,,,1d848c1ce248da4bf86e985f703de7eec4182870554d00df63afed7dbdb6ae23
note,64,yes,perfect,"owner perfect note_5; family listen_sp0.75; recipe in the batch renderer, not in these columns",batch 21 round 9 / 2026-08-18,clip,af_heart,en-us,0.75,80,300,10,,no,no,0,0,0,no,,,,,,,,,,0c9b8d8f417a3d48d8caa2c8f21884c633bfbe72a3ee95d535a7a7d52d2e7b53
notes,64,yes,perfect,"owner perfect notes_4; family point_sp0.85; recipe in the batch renderer, not in these columns",batch 20 / 2026-08-17,clip,af_heart,en-us,0.85,80,300,10,,no,no,0,0,0,no,,,,,,,,,,746a7bba391777d41bc187533ca527bbf50a27125cf281152cf4d5c44805fcb8
now,77,yes,perfect,"owner perfect now_3; family listen_sp0.75; recipe in the batch renderer, not in these columns",batch 15 / 2026-08-16,clip,af_heart,en-us,0.75,80,300,10,,no,no,0,0,0,no,,,,,,,,,,fcef80dec31f230f7a691d9e72d5ccd2bd0390e2afee00619fe6f62f42b8e032
nurse,83,yes,perfect,"owner perfect nurse_4; family listen_sp0.7; recipe in the batch renderer, not in these columns",batch 21 round 9 / 2026-08-18,clip,af_heart,en-us,0.7,80,300,10,,no,no,0,0,0,no,,,,,,,,,,78e9d7d8809310e781a3125f6851ae37c96dca68d5670dcc63d5ba77b9091882
obey,59,yes,perfect,"owner perfect obey_6; family listen_sp0.8; recipe in the batch renderer, not in these columns",batch 21 round 9 / 2026-08-18,clip,af_heart,en-us,0.8,80,300,10,,no,no,0,0,0,no,,,,,,,,,,a82be085ccb425648df4b27e7cde4a27e9a17f6c5f90b431061d65929942b2c5
or,81,yes,perfect,"owner perfect or_2; family listen_sp0.7; recipe in the batch renderer, not in these columns",batch 21 round 9 / 2026-08-18,clip,af_heart,en-us,0.7,80,300,10,,no,no,0,0,0,no,,,,,,,,,,315dfac3f94f11eb95bd5501d7620f7dfefc2d9d2fadaaff93cdd786e6ea1c8b
orchestra,94,yes,perfect,"owner perfect orchestra_1; family say_sp0.7; recipe in the batch renderer, not in these columns",R1 round 2 / 2026-08-19,clip,af_heart,en-us,0.7,80,300,10,,no,no,0,0,0,no,,,,,,,,,,c7ec4976577234cd800c29016c0edc68be3a9bc2f2941c07c4b0c4835753ee06
other,25,yes,perfect,"owner perfect other_5; family listen_sp0.75; recipe in the batch renderer, not in these columns",batch 21 round 9 / 2026-08-18,clip,af_heart,en-us,0.75,80,300,10,,no,no,0,0,0,no,,,,,,,,,,90e0ff49229dd4193ca7f9a6105a81e4133f149b1e287a15dd5ae3fe0f3189a8
ought,92,yes,perfect,"owner perfect ought_5; family listen_sp0.75; recipe in the batch renderer, not in these columns",batch 21 round 9 / 2026-08-18,clip,af_heart,en-us,0.75,80,300,10,,no,no,0,0,0,no,,,,,,,,,,337f1e9e69e56bb1f765ea01d283b788f53090a40889677517159e336efaf500
our,77,yes,perfect,"owner perfect our_4; family listen_sp0.7; recipe in the batch renderer, not in these columns",batch 21 round 9 / 2026-08-18,clip,af_heart,en-us,0.7,80,300,10,,no,no,0,0,0,no,,,,,,,,,,ef8d53b91bb15c7448ca7a176aaddcd5237121ef36a25ac49e929a4b3be62343
outside,77,yes,perfect,"owner perfect outside_4; family listen_sp0.7; recipe in the batch renderer, not in these columns",batch 21 round 9 / 2026-08-18,clip,af_heart,en-us,0.7,80,300,10,,no,no,0,0,0,no,,,,,,,,,,ee4c3b083249a96b3c4f08028fa027a71d888dcdec5889e221747964fc7f80f3
over,72,yes,perfect,"owner perfect over_5; family listen_sp0.75; recipe in the batch renderer, not in these columns",batch 21 round 9 / 2026-08-18,clip,af_heart,en-us,0.75,80,300,10,,no,no,0,0,0,no,,,,,,,,,,24c60cfd679c21d95ca9818973abfb6e46ccec2f8dbf183cb6c41b7e47504c93
packed,43,yes,perfect,"owner perfect packed_5; family listen_sp0.75; recipe in the batch renderer, not in these columns",batch 21 round 9 / 2026-08-18,clip,af_heart,en-us,0.75,80,300,10,,no,no,0,0,0,no,,,,,,,,,,16e999b351fe6d9bac2c02c8ffbd025bc89af4a56ebdeca1b67b9c73b2ff1108
pail,58,yes,perfect,"owner perfect pail_1; family say_sp0.7; recipe in the batch renderer, not in these columns",batch 21 round 9 / 2026-08-18,clip,af_heart,en-us,0.7,80,300,10,,no,no,0,0,0,no,,,,,,,,,,88bf77e02fe3907c5d0148eae6a8754dea3678c22daf378fc7d6d5d714467e71
pain,58,yes,perfect,"owner perfect pain_5; family listen_sp0.75; recipe in the batch renderer, not in these columns",batch 21 round 9 / 2026-08-18,clip,af_heart,en-us,0.75,80,300,10,,no,no,0,0,0,no,,,,,,,,,,b8a95321d045d03479aa1a588c5e5244c53c4e05e59e04b632e78c979475340f
painful,98,yes,perfect,"owner perfect painful_6; family listen_sp0.8; recipe in the batch renderer, not in these columns",R1 round 2 / 2026-08-19,clip,af_heart,en-us,0.8,80,300,10,,no,no,0,0,0,no,,,,,,,,,,31ea511b86054c2f78a18752b9918f9703837c3f9367cd3f32d421ed03d22c83
paint,58,yes,perfect,"owner perfect paint_2; family say_sp0.75; recipe in the batch renderer, not in these columns",batch 21 round 9 / 2026-08-18,clip,af_heart,en-us,0.75,80,300,10,,no,no,0,0,0,no,,,,,,,,,,30c72973dea264b68534a2507afe8a1cdb4c47a3281c5f78b7b2d41f050ad466
painted,71,yes,perfect,"owner perfect painted_6; family listen_sp0.8; recipe in the batch renderer, not in these columns",batch 21 round 9 / 2026-08-18,clip,af_heart,en-us,0.8,80,300,10,,no,no,0,0,0,no,,,,,,,,,,f9257d41f4cebdfee59228488909af14bcfc89731bb89b9a0537b12105e59976
painter,71,yes,perfect,"owner perfect painter_f8; family word_sp0.8; recipe in the batch renderer, not in these columns",batch 21 round final / 2026-08-18,clip,af_heart,en-us,0.8,80,300,10,,no,no,0,0,0,no,,,,,,,,,,f4daf94a4993bf7254599085db9130b995ca0aff9fb7803a39af77a5061e2bd1
paper,72,yes,perfect,"owner perfect paper_1; family say_sp0.7; recipe in the batch renderer, not in these columns",R1 round 2 / 2026-08-19,clip,af_heart,en-us,0.7,80,300,10,,no,no,0,0,0,no,,,,,,,,,,ceb7fbb92578c55d527460f790099258964bad9d478dcc268790808aae93a047
park,79,yes,perfect,"owner perfect park_4; family listen_sp0.7; recipe in the batch renderer, not in these columns",batch 21 round 9 / 2026-08-18,clip,af_heart,en-us,0.7,80,300,10,,no,no,0,0,0,no,,,,,,,,,,69e721dada92d67a7e6affe15a30c029621c9eb0a93f9c6b9e9080c05bfa0838
part,79,yes,perfect,"owner perfect part_5; family listen_sp0.75; recipe in the batch renderer, not in these columns",batch 21 round 9 / 2026-08-18,clip,af_heart,en-us,0.75,80,300,10,,no,no,0,0,0,no,,,,,,,,,,42045f145738231a0705c06997e96e9def65f03c5ad222fea36cdb23b695a034
paw,82,yes,perfect,"owner perfect paw_4; family listen_sp0.7; recipe in the batch renderer, not in these columns",batch 21 round 9 / 2026-08-18,clip,af_heart,en-us,0.7,80,300,10,,no,no,0,0,0,no,,,,,,,,,,be9709995061ebf169654860264c92fa086e8286e39b6c50f806505543c14fde
peaceful,98,yes,perfect,"owner perfect peaceful_1; family say_sp0.7; recipe in the batch renderer, not in these columns",R1 round 2 / 2026-08-19,clip,af_heart,en-us,0.7,80,300,10,,no,no,0,0,0,no,,,,,,,,,,fb2abfb1dd33cb42f6cad1c8c1e88986171dc52856cc2eddcbfb7e100254946b
pencil,87,yes,perfect,"owner perfect pencil_1; family say_sp0.7; recipe in the batch renderer, not in these columns",R1 round 2 / 2026-08-19,clip,af_heart,en-us,0.7,80,300,10,,no,no,0,0,0,no,,,,,,,,,,3084202df762ccd5967373edb11b5bd950a26635a029a7379866dda4a47823bd
pennies,63,yes,perfect,"owner perfect pennies_r2; family phoneme_sp0.65; recipe in the batch renderer, not in these columns",batch 21 round rescue / 2026-08-18,clip,af_heart,en-us,0.65,80,300,10,,no,no,0,0,0,no,,,,,,,,,,341a6eadf761fdbb7ab1eaf4cef566125b5697d5e23342010279f973177d290a
penny,51,yes,perfect,"owner perfect penny_4; family listen_sp0.7; recipe in the batch renderer, not in these columns",batch 21 round 9 / 2026-08-18,clip,af_heart,en-us,0.7,80,300,10,,no,no,0,0,0,no,,,,,,,,,,d7ae8f6586c7273a1596409cdd1bbed105d7f985acd89a7559b18d0eb55045c3
pepper,46,yes,perfect,"owner perfect pepper_5; family listen_sp0.75; recipe in the batch renderer, not in these columns",batch 21 round 9 / 2026-08-18,clip,af_heart,en-us,0.75,80,300,10,,no,no,0,0,0,no,,,,,,,,,,e81a77592c157c3ec11f66fcc9753b1ae1fbfdaf4fb75a748c9a9d5f419e1e11
phone,91,yes,perfect,"owner perfect phone_5; family listen_sp0.75; recipe in the batch renderer, not in these columns",batch 21 round 9 / 2026-08-18,clip,af_heart,en-us,0.75,80,300,10,,no,no,0,0,0,no,,,,,,,,,,44e9e5d479c985cb2b0933c983e457766ae61d23c4a61a1108601f71544e016f
photo,91,yes,perfect,"owner perfect photo_6; family listen_sp0.8; recipe in the batch renderer, not in these columns",batch 21 round 9 / 2026-08-18,clip,af_heart,en-us,0.8,80,300,10,,no,no,0,0,0,no,,,,,,,,,,0629f317bd2fdb83510529d2d30449b56352b1456464f8fb59cc821df9d36627
picked,43,yes,perfect,"owner perfect picked_5; family listen_sp0.75; recipe in the batch renderer, not in these columns",batch 21 round 10 / 2026-08-18,clip,af_heart,en-us,0.75,80,300,10,,no,no,0,0,0,no,,,,,,,,,,f5633a7b5e922ac89f833cc798df5698843233d0af1aabb857e7a2bc560f90b7
picture,96,yes,perfect,"owner perfect picture_t4; family phcar_sp0.6; recipe in the batch renderer, not in these columns",batch 21 round rescue3 / 2026-08-18,clip,af_heart,en-us,0.6,80,300,10,,no,no,0,0,0,no,,,,,,,,,,eeda9af1a9d046f3bee33fae90cc8f6993877fea4cd59ae69ae89febfba70d0b
pie,67,yes,perfect,"owner perfect pie_5; family listen_sp0.75; recipe in the batch renderer, not in these columns",batch 21 round 10 / 2026-08-18,clip,af_heart,en-us,0.75,80,300,10,,no,no,0,0,0,no,,,,,,,,,,d0633ae8915558a07f07e6fbaaaf8cd3b980b4bcf15279e1e51db05b40e70575
piece,63,yes,perfect,"owner perfect piece_5; family listen_sp0.75; recipe in the batch renderer, not in these columns",batch 21 round 10 / 2026-08-18,clip,af_heart,en-us,0.75,80,300,10,,no,no,0,0,0,no,,,,,,,,,,e8d7f5f42757f85ad5bb0fa67151778bbd0047d9c9211eeb2a74746c2c459c50
pigpen,9,yes,perfect,"owner perfect pigpen_5; family listen_sp0.75; recipe in the batch renderer, not in these columns",batch 21 round 10 / 2026-08-18,clip,af_heart,en-us,0.75,80,300,10,,no,no,0,0,0,no,,,,,,,,,,4635ebc3c389f1d10e15588bfeb3fa261812fe3ea5d5adc3d8fea4ab552ee68d
pillow,65,yes,perfect,"owner perfect pillow_5; family listen_sp0.75; recipe in the batch renderer, not in these columns",R1 round 2 / 2026-08-19,clip,af_heart,en-us,0.75,80,300,10,,no,no,0,0,0,no,,,,,,,,,,90ff34bb61491682ee6dc2afb4c15d56372ba4d2560abe7d083998c5af94ecdc
pitch,88,yes,perfect,"owner perfect pitch_t4; family phcar_sp0.6; recipe in the batch renderer, not in these columns",batch 21 round rescue3 / 2026-08-18,clip,af_heart,en-us,0.6,80,300,10,,no,no,0,0,0,no,,,,,,,,,,637da1cc536f5daec99adb6ffb5bd295086a219ea884a463a7ee21fc3d368af1
plant,35,yes,perfect,"owner perfect plant_5; family listen_sp0.75; recipe in the batch renderer, not in these columns",R1 round 2 / 2026-08-19,clip,af_heart,en-us,0.75,80,300,10,,no,no,0,0,0,no,,,,,,,,,,d3ff8355858ddb5f46d6ab62408fa1c32ade32f141b2df08c956c1900bb22d00
planted,71,yes,perfect,"owner perfect planted_2; family say_sp0.75; recipe in the batch renderer, not in these columns",batch 21 round 10 / 2026-08-18,clip,af_heart,en-us,0.75,80,300,10,,no,no,0,0,0,no,,,,,,,,,,9249c2c1a6ccd97b177fea835c735517cbd4b3e0d4976e12053a378eebaa1205
play,58,yes,perfect,"owner perfect play_5; family listen_sp0.75; recipe in the batch renderer, not in these columns",batch 21 round 10 / 2026-08-18,clip,af_heart,en-us,0.75,80,300,10,,no,no,0,0,0,no,,,,,,,,,,0be4398beee8cfecfa8e29913c4a9572e1bdb5c487658d1119fe16e3abf3df7e
player,58,yes,perfect,"owner perfect player_6; family listen_sp0.8; recipe in the batch renderer, not in these columns",batch 21 round 10 / 2026-08-18,clip,af_heart,en-us,0.8,80,300,10,,no,no,0,0,0,no,,,,,,,,,,b31346c73eb5c63475bb36a757c42c5d7450361a928e45440a20bc579c3e395c
playful,98,yes,perfect,"owner perfect playful_6; family listen_sp0.8; recipe in the batch renderer, not in these columns",batch 21 round 10 / 2026-08-18,clip,af_heart,en-us,0.8,80,300,10,,no,no,0,0,0,no,,,,,,,,,,d3ee91e381e6d3bcfa8c9b4b4c526fe3ed1f4625107d89073b989842d75fb4bd
pocket,42,yes,perfect,"owner perfect pocket_1; family say_sp0.7; recipe in the batch renderer, not in these columns",R1 round 2 / 2026-08-19,clip,af_heart,en-us,0.7,80,300,10,,no,no,0,0,0,no,,,,,,,,,,c6f466e054949ccfba64d552a269dba7e22984be80599e850231a26119889240
point,78,yes,perfect,"owner perfect point_r4; family stressed_sp0.7; recipe in the batch renderer, not in these columns",batch 21 round rescue / 2026-08-18,clip,af_heart,en-us,0.7,80,300,10,,no,no,0,0,0,no,,,,,,,,,,822712bd66078fc6fe686dbf3b8d45efb5510ca00bfbf64d04034ea47225ecba
ponies,63,yes,perfect,"owner perfect ponies_5; family listen_sp0.75; recipe in the batch renderer, not in these columns",batch 21 round 10 / 2026-08-18,clip,af_heart,en-us,0.75,80,300,10,,no,no,0,0,0,no,,,,,,,,,,a4eddee1d9e670b1c43d7a1e92af94472b77fd0da1a87727bfd7f112b3f5add2
pool,74,yes,perfect,"owner perfect pool_1; family say_sp0.7; recipe in the batch renderer, not in these columns",batch 21 round 10 / 2026-08-18,clip,af_heart,en-us,0.7,80,300,10,,no,no,0,0,0,no,,,,,,,,,,684d0291067eff68c1713dc904067482dc231333498b42e90cab4a82698c8e38
powerful,98,yes,perfect,"owner perfect powerful_6; family listen_sp0.8; recipe in the batch renderer, not in these columns",R1 round 2 / 2026-08-19,clip,af_heart,en-us,0.8,80,300,10,,no,no,0,0,0,no,,,,,,,,,,4b49a26f39ebc5fdb899af9673877989cabd47c8edf353bfc9cc4d0950191c52
precious,97,yes,perfect,"owner perfect precious_f4; family say_sp0.7; recipe in the batch renderer, not in these columns",batch 21 round final / 2026-08-18,clip,af_heart,en-us,0.7,80,300,10,,no,no,0,0,0,no,,,,,,,,,,5ee07b41856df140df7969e8389cefe7a27d8e74930b38a7cd10e5083f54551f
princess,87,yes,perfect,"owner perfect princess_1; family say_sp0.7; recipe in the batch renderer, not in these columns",R1 round 2 / 2026-08-19,clip,af_heart,en-us,0.7,80,300,10,,no,no,0,0,0,no,,,,,,,,,,5adc339ef89fd2bdd46931225d1807aac4fd7f512597d40721d4a19605cf4f67
print,35,yes,perfect,"owner perfect print_1; family say_sp0.7; recipe in the batch renderer, not in these columns",R1 round 2 / 2026-08-19,clip,af_heart,en-us,0.7,80,300,10,,no,no,0,0,0,no,,,,,,,,,,d33ae90c36be371af79a9760343783d31199ae208246f733d5432d3a9dd3d44b
printed,71,yes,perfect,"owner perfect printed_1; family say_sp0.7; recipe in the batch renderer, not in these columns",batch 21 round 10 / 2026-08-18,clip,af_heart,en-us,0.7,80,300,10,,no,no,0,0,0,no,,,,,,,,,,789b1ddbb67ab0ccc9942c571b560f5ca5682796a4f885e90409cd1cf3e9cdb5
printer,71,yes,perfect,"owner perfect printer_1; family say_sp0.7; recipe in the batch renderer, not in these columns",batch 21 round 10 / 2026-08-18,clip,af_heart,en-us,0.7,80,300,10,,no,no,0,0,0,no,,,,,,,,,,d037d200906fdd6afafdaf5191263c5783d83f085642f968030e35f5fbfc2174
proud,77,yes,perfect,"owner perfect proud_1; family say_sp0.7; recipe in the batch renderer, not in these columns",batch 21 round 10 / 2026-08-18,clip,af_heart,en-us,0.7,80,300,10,,no,no,0,0,0,no,,,,,,,,,,d273fbd6e2c084a74593a209a1ea238fbb053eb7be80361f2640eeebd30b9326
puppet,49,yes,perfect,"owner perfect puppet_5; family listen_sp0.75; recipe in the batch renderer, not in these columns",batch 21 round 10 / 2026-08-18,clip,af_heart,en-us,0.75,80,300,10,,no,no,0,0,0,no,,,,,,,,,,b10c300d11ce62161f1fb9135d5ae6d9df7a33656477d75c2ce267be511abfd9
puppy,51,yes,perfect,"owner perfect puppy_4; family listen_sp0.7; recipe in the batch renderer, not in these columns",batch 21 round 10 / 2026-08-18,clip,af_heart,en-us,0.7,80,300,10,,no,no,0,0,0,no,,,,,,,,,,bb6a6e884f5dc4aa635d46a6f89bd6a2b3db34fe6d96aa83f74cdb7b3e86c7cd
purple,83,yes,perfect,"owner perfect purple_1; family say_sp0.7; recipe in the batch renderer, not in these columns",batch 21 round 10 / 2026-08-18,clip,af_heart,en-us,0.7,80,300,10,,no,no,0,0,0,no,,,,,,,,,,f453aa01a82356e5ff8886b9b60baacd7fb4e65d683d71b9c7e5bade574d08d2
put,,yes,perfect,"owner perfect put_1; family listen_sp0.75; recipe in the batch renderer, not in these columns; unseated: the bank names it, no level holds it yet",batch 15 / 2026-08-16,clip,af_heart,en-us,0.75,80,300,10,,no,no,0,0,0,no,,,,,,,,,,b84fdaf6fa2f36f5c12c930467df24b008b4f63e2ff7c8d75cdd86386bd05ae6
quickly,53,yes,perfect,"owner perfect quickly_2; family say_sp0.75; recipe in the batch renderer, not in these columns",batch 21 round 10 / 2026-08-18,clip,af_heart,en-us,0.75,80,300,10,,no,no,0,0,0,no,,,,,,,,,,17b4f380baea1480bd5add9ab9108634cf94496bf0ff5cfd5779985991abea0d
quitting,46,yes,perfect,"owner perfect quitting_3; family say_sp0.8; recipe in the batch renderer, not in these columns",batch 21 round 10 / 2026-08-18,clip,af_heart,en-us,0.8,80,300,10,,no,no,0,0,0,no,,,,,,,,,,c2a188f851a5e7ffab4d2dfc230c2b9c4b519c04b6f4e00034887d823e1c1ae2
rabbit,49,yes,perfect,"owner perfect rabbit_5; family listen_sp0.75; recipe in the batch renderer, not in these columns",batch 21 round 10 / 2026-08-18,clip,af_heart,en-us,0.75,80,300,10,,no,no,0,0,0,no,,,,,,,,,,e5773b79e7816f4656dc93311ca33871bc544855858934b5b339bacb39eb2f58
rack,26,yes,perfect,"owner perfect rack_2; family listen_sp0.75; recipe in the batch renderer, not in these columns",batch 19 / 2026-08-17,clip,af_heart,en-us,0.75,80,300,10,,no,no,0,0,0,no,,,,,,,,,,448a4573dc186d0ad865ad5c7d367b3fc725aefd6a573c7b29ed81b2338a1abc
rain,58,yes,perfect,"owner perfect rain_4; family listen_sp0.7; recipe in the batch renderer, not in these columns",batch 21 round 10 / 2026-08-18,clip,af_heart,en-us,0.7,80,300,10,,no,no,0,0,0,no,,,,,,,,,,83ab784ac415beaa7fa9538b19b853773e029477897b3235fc797987c2c81b76
rainbow,65,yes,perfect,"owner perfect rainbow_6; family listen_sp0.8; recipe in the batch renderer, not in these columns",R1 round 2 / 2026-08-19,clip,af_heart,en-us,0.8,80,300,10,,no,no,0,0,0,no,,,,,,,,,,ac2c775240b07bfb0bcfac6eb91c6d979bac062a54eb0f8031c9794f667aec3a
read,69,yes,perfect,"owner perfect read_1; family pack_red_reuse; recipe in the batch renderer, not in these columns",adjudication / 2026-08-20,clip,af_heart,en-us,0.85,80,300,10,,no,no,0,0,0,no,,,,,,,,,,38fba7adecec288f25ca2425e195da4044a97d5f5eee5d6b5c8c29a742e6b256
reader,62,yes,perfect,"owner perfect reader_f1; family listen_sp0.7; recipe in the batch renderer, not in these columns",batch 21 round final / 2026-08-18,clip,af_heart,en-us,0.7,80,300,10,,no,no,0,0,0,no,,,,,,,,,,05e022948f60ed1cedbf78370b46a2e90dfd290ed5d4febc1af540fad4a1c26b
ready,69,yes,perfect,"owner perfect ready_6; family listen_sp0.8; recipe in the batch renderer, not in these columns",R1 round 2 / 2026-08-19,clip,af_heart,en-us,0.8,80,300,10,,no,no,0,0,0,no,,,,,,,,,,ba0cda98dbed797652ef6bb1596d3d651dd55f04e45bb667a66e9292580a4318
redo,71,yes,perfect,"owner perfect redo_4; family listen_sp0.7; recipe in the batch renderer, not in these columns",batch 21 round 10 / 2026-08-18,clip,af_heart,en-us,0.7,80,300,10,,no,no,0,0,0,no,,,,,,,,,,e5d232c41b4bc16f660c097e44ba47e4fc126c514247aef38982705ecd4a7ba3
remember,97,yes,perfect,"owner perfect remember_4; family listen_sp0.7; recipe in the batch renderer, not in these columns",batch 21 round 10 / 2026-08-18,clip,af_heart,en-us,0.7,80,300,10,,no,no,0,0,0,no,,,,,,,,,,a9f7d09918290a960f9111e2c2c2520129e8de8d69828bf48ee1925dfb4f2580
rested,97,yes,perfect,"owner perfect rested_4; family listen_sp0.7; recipe in the batch renderer, not in these columns",batch 21 round 10 / 2026-08-18,clip,af_heart,en-us,0.7,80,300,10,,no,no,0,0,0,no,,,,,,,,,,22f74c1c711bfb5b8cf168d2fa35d7c77f7e47ae1d48daf8b60f04abf0e4a9c6
retell,97,yes,perfect,"owner perfect retell_3; family listen_sp0.7; recipe in the batch renderer, not in these columns",batch 21 round 11 / 2026-08-18,clip,af_heart,en-us,0.7,80,300,10,,no,no,0,0,0,no,,,,,,,,,,bd00433a1cc9a3959d60e392f642a4d0de991cdcbf9709d4fc6a51e84d4c29a6
return,97,yes,perfect,"owner perfect return_4; family listen_sp0.7; recipe in the batch renderer, not in these columns",batch 21 round 11 / 2026-08-18,clip,af_heart,en-us,0.7,80,300,10,,no,no,0,0,0,no,,,,,,,,,,95a04345108fb9a19cc313f6ef685bd8d826f02b2e68091217c21162636d555e
rid,15,yes,perfect,"owner perfect rid_4; family say_sp0.7; recipe in the batch renderer, not in these columns",batch 19 / 2026-08-17,clip,af_heart,en-us,0.7,80,300,10,,no,no,0,0,0,no,,,,,,,,,,97fbe9c2276696143eba0cdc130232cd4b4ef95c95ccd3ec6a05ec1c1864ff89
right,67,yes,perfect,"owner perfect right_5; family listen_sp0.75; recipe in the batch renderer, not in these columns",batch 21 round 11 / 2026-08-18,clip,af_heart,en-us,0.75,80,300,10,,no,no,0,0,0,no,,,,,,,,,,9c40a0eecdeef6f0abb5bacec7f6055ab0e1156c5c00b4f5ddaa43c21157d4dd
road,64,yes,perfect,"owner perfect road_2; family solo_trimmed_sp0.75; recipe in the batch renderer, not in these columns",batch 20 / 2026-08-17,clip,af_heart,en-us,0.75,80,300,10,,no,no,0,0,0,no,,,,,,,,,,1926fd8e5879ca6ab5117e651cdd6f57ca6964f5d41f7b3754996af3527e66ed
rocket,42,yes,perfect,"owner perfect rocket_1; family say_sp0.75; recipe in the batch renderer, not in these columns",R1 round 2 / 2026-08-19,clip,af_heart,en-us,0.75,80,300,10,,no,no,0,0,0,no,,,,,,,,,,0460b8cdf2a9df123bdadae81ff6a429ed9f74ca5aaf3cf41d959a284e2eb9c3
rocks,30,yes,perfect,"owner perfect rocks_4; family say_sp0.8; recipe in the batch renderer, not in these columns",batch 19 / 2026-08-17,clip,af_heart,en-us,0.8,80,300,10,,no,no,0,0,0,no,,,,,,,,,,a97396b6b1ee03475d5bc366498cef7b562a18b8f12316d6db362ee703584ec6
room,74,yes,perfect,"owner perfect room_1; family say_sp0.7; recipe in the batch renderer, not in these columns",batch 21 round 11 / 2026-08-18,clip,af_heart,en-us,0.7,80,300,10,,no,no,0,0,0,no,,,,,,,,,,9d3fe03f87249a418a86ba1ca8abd9dbc1d466e520da3ee9944b7ccc6373dbfd
royal,78,yes,perfect,"owner perfect royal_v6; family gb_listen_sp0.7; recipe in the batch renderer, not in these columns",batch 21 round lastthree / 2026-08-18,clip,af_heart,en-us,0.7,80,300,10,,no,no,0,0,0,no,,,,,,,,,,ebdb4e3799303217e80c176fa6249c34643e44b2c235a7c396c93eb7a80b5213
rustle,93,yes,perfect,"owner perfect rustle_5; family listen_sp0.75; recipe in the batch renderer, not in these columns",batch 21 round 11 / 2026-08-18,clip,af_heart,en-us,0.75,80,300,10,,no,no,0,0,0,no,,,,,,,,,,9e4ff187404701e6beb38fb9810a1a3fcc9fe0e25ffae0771c7669710c049458
sacks,30,yes,perfect,"owner perfect sacks_2; family say_sp0.8; recipe in the batch renderer, not in these columns",batch 19 / 2026-08-17,clip,af_heart,en-us,0.8,80,300,10,,no,no,0,0,0,no,,,,,,,,,,fbf51ad26ee1161a40d88d22b51e6de0834f5694d6ec10966622dbffdf253723
sadness,99,yes,perfect,"owner perfect sadness_6; family listen_sp0.8; recipe in the batch renderer, not in these columns",batch 21 round 11 / 2026-08-18,clip,af_heart,en-us,0.8,80,300,10,,no,no,0,0,0,no,,,,,,,,,,8726915e46b10651fc81c93535c14baeaceb2360efee508731613ce8cb759db0
same,57,yes,perfect,"owner perfect same_5; family listen_sp0.75; recipe in the batch renderer, not in these columns",batch 20 / 2026-08-17,clip,af_heart,en-us,0.75,80,300,10,,no,no,0,0,0,no,,,,,,,,,,fd82270df6c1577469d59c605d1326c44a893626e416107b69c3b35552676dc2
sandbox,39,yes,perfect,"owner perfect sandbox_4; family listen_sp0.75; recipe in the batch renderer, not in these columns",batch 21 round 11 / 2026-08-18,clip,af_heart,en-us,0.75,80,300,10,,no,no,0,0,0,no,,,,,,,,,,68a4152bfab90867dfd69c9477001aa6d86341f9661d371de5a86656a2ac1906
sandwich,42,yes,perfect,"owner perfect sandwich_4; family listen_sp0.7; recipe in the batch renderer, not in these columns",R1 round 2 / 2026-08-19,clip,af_heart,en-us,0.7,80,300,10,,no,no,0,0,0,no,,,,,,,,,,61d1cda47dda76d8d74ed7e5a5427c3fba91bad5e38a481c02f3178f6acf1f78
sandy,51,yes,perfect,"owner perfect sandy_5; family listen_sp0.75; recipe in the batch renderer, not in these columns",batch 21 round 11 / 2026-08-18,clip,af_heart,en-us,0.75,80,300,10,,no,no,0,0,0,no,,,,,,,,,,e72b621fae2fe15cca049f9c80f1dc9ff3e8080aac861b86cff3e8bae53c904c
sauce,82,yes,perfect,"owner perfect sauce_5; family listen_sp0.75; recipe in the batch renderer, not in these columns",batch 21 round 11 / 2026-08-18,clip,af_heart,en-us,0.75,80,300,10,,no,no,0,0,0,no,,,,,,,,,,4f0524f5d4d94ab65858f95a5fe480fc4c5cf685e96adadf56186ba1fc568bb9
save,57,yes,perfect,"owner perfect save_4; family listen_sp0.7; recipe in the batch renderer, not in these columns",batch 20 / 2026-08-17,clip,af_heart,en-us,0.7,80,300,10,,no,no,0,0,0,no,,,,,,,,,,6e6c68804d0dc16822e21f61791f1f49f29c74d31e5258a094acd3439dc26cbb
saved,73,yes,perfect,"owner perfect saved_5; family say_sp0.75; recipe in the batch renderer, not in these columns",batch 19 / 2026-08-17,clip,af_heart,en-us,0.75,80,300,10,,no,no,0,0,0,no,,,,,,,,,,d555e00b905f96af2dfef25cdbced8431cf26d630230641c3bbf5c935095d145
saw,82,yes,perfect,"owner perfect saw_5; family listen_sp0.75; recipe in the batch renderer, not in these columns",batch 21 round 11 / 2026-08-18,clip,af_heart,en-us,0.75,80,300,10,,no,no,0,0,0,no,,,,,,,,,,d58bb790b8978425676a9a99e31cfb65e42f7aadf39becbbd6747c89c89a0af5
say,58,yes,perfect,"owner perfect say_5; family listen_sp0.75; recipe in the batch renderer, not in these columns",batch 21 round 11 / 2026-08-18,clip,af_heart,en-us,0.75,80,300,10,,no,no,0,0,0,no,,,,,,,,,,8a304d02a37299fb625b000fe5e3879cf7cd570ca0c9103c1500dd3719791eee
scrap,36,yes,perfect,"owner perfect scrap_1; family say_sp0.7; recipe in the batch renderer, not in these columns",batch 21 round 11 / 2026-08-18,clip,af_heart,en-us,0.7,80,300,10,,no,no,0,0,0,no,,,,,,,,,,75608b2ffc99d724fd0a00860f851f189ff233e5fbdc623ad2b6bf357d243007
scratch,88,yes,perfect,"owner perfect scratch_4; family listen_sp0.8; recipe in the batch renderer, not in these columns",batch 21 round 11 / 2026-08-18,clip,af_heart,en-us,0.8,80,300,10,,no,no,0,0,0,no,,,,,,,,,,1fd65d10d78650ef1960130c7fe4c621b7126a0148682156a7bea536a27c74a1
scrub,36,yes,perfect,"owner perfect scrub_3; family listen_sp0.8; recipe in the batch renderer, not in these columns",batch 21 round 11 / 2026-08-18,clip,af_heart,en-us,0.8,80,300,10,,no,no,0,0,0,no,,,,,,,,,,5ad4b942fa2b0dd4b3dc92dfad1ec8417bc2d6ab21e6246142ce9308a96d62b0
seat,62,yes,perfect,"owner perfect seat_5; family listen_sp0.75; recipe in the batch renderer, not in these columns",batch 21 round 11 / 2026-08-18,clip,af_heart,en-us,0.75,80,300,10,,no,no,0,0,0,no,,,,,,,,,,78807cbe8b5592640b1b8d2cf4bfcb0ceca9df5267411df9f9b9c5bf8b5ac681
see,61,yes,perfect,"owner perfect see_1; family listen_sp0.9; recipe in the batch renderer, not in these columns",batch 15 / 2026-08-16,clip,af_heart,en-us,0.9,80,300,10,,no,no,0,0,0,no,,,,,,,,,,f5d9216aba3e285e6f3d18b7a99b2d4d38ad38ca6a55e5c362637dbb932f1ed8
seed,61,yes,perfect,"owner perfect seed_4; family listen_sp0.7; recipe in the batch renderer, not in these columns",batch 21 round 11 / 2026-08-18,clip,af_heart,en-us,0.7,80,300,10,,no,no,0,0,0,no,,,,,,,,,,153b522e6a459f82faeb3b2cba8ba9e0113979b2726d9c4f3b0ff955b514d367
seem,61,yes,perfect,"owner perfect seem_5; family listen_sp0.75; recipe in the batch renderer, not in these columns",batch 21 round 11 / 2026-08-18,clip,af_heart,en-us,0.75,80,300,10,,no,no,0,0,0,no,,,,,,,,,,8ad5b8a83e8caf4828f970870fff0685a85376aaf4ae9d2e81a0dd3bf34e3e7b
seen,61,yes,perfect,"owner perfect seen_5; family listen_sp0.75; recipe in the batch renderer, not in these columns",batch 21 round 11 / 2026-08-18,clip,af_heart,en-us,0.75,80,300,10,,no,no,0,0,0,no,,,,,,,,,,671e4628e8cd1bd4d1d9da15f7314dd686ae4ee241e1e90524536ed459e3e2cf
sheep,70,yes,perfect,"owner perfect sheep_5; family listen_sp0.75; recipe in the batch renderer, not in these columns",batch 21 round 11 / 2026-08-18,clip,af_heart,en-us,0.75,80,300,10,,no,no,0,0,0,no,,,,,,,,,,91f390749d8a18d4f1ebf14a142b7c29f832d88a5f2f576e9e3717d395d20a3e
shine,66,yes,perfect,"owner perfect shine_5; family listen_sp0.75; recipe in the batch renderer, not in these columns",batch 21 round 11 / 2026-08-18,clip,af_heart,en-us,0.75,80,300,10,,no,no,0,0,0,no,,,,,,,,,,2101ea848f51e68ee5663e4b6731b4b6389d587322b1e83506d14d6303906c9e
shirt,83,yes,perfect,"owner perfect shirt_5; family listen_sp0.75; recipe in the batch renderer, not in these columns",batch 21 round 11 / 2026-08-18,clip,af_heart,en-us,0.75,80,300,10,,no,no,0,0,0,no,,,,,,,,,,64dca2beec036fe6bb44505e61a48273c86623ab2586bdda8dd3f9f2b121fa3f
shore,81,yes,perfect,"owner perfect shore_5; family listen_sp0.75; recipe in the batch renderer, not in these columns",batch 21 round 11 / 2026-08-18,clip,af_heart,en-us,0.75,80,300,10,,no,no,0,0,0,no,,,,,,,,,,309c2f3e1d01cad7e8a7a5d6ee58e825df6d38fd4bca7b3c43a402eb71e21d38
shot,22,yes,perfect,"owner perfect shot_5; family say_sp0.75; recipe in the batch renderer, not in these columns",batch 19 / 2026-08-17,clip,af_heart,en-us,0.75,80,300,10,,no,no,0,0,0,no,,,,,,,,,,992a9d3c813ebfc97c579936efc2cc6a1387a0023c77bb0e91e759f24c543193
shouted,77,yes,perfect,"owner perfect shouted_4; family listen_sp0.7; recipe in the batch renderer, not in these columns",batch 21 round 11 / 2026-08-18,clip,af_heart,en-us,0.7,80,300,10,,no,no,0,0,0,no,,,,,,,,,,32a4db4a1cfc38c6b198c03ef5ecb01ea387d59f5573c39d3f96685e38fbf7d7
show,65,yes,perfect,"owner perfect show_5; family listen_sp0.75; recipe in the batch renderer, not in these columns",R1 round 2 / 2026-08-19,clip,af_heart,en-us,0.75,80,300,10,,no,no,0,0,0,no,,,,,,,,,,8c04a7e36471dce3cf3671199e0a29177edecb9b3a3d07b642e61cb32f321367
shrub,22,yes,perfect,"owner perfect shrub_5; family listen_sp0.75; recipe in the batch renderer, not in these columns",batch 21 round 11 / 2026-08-18,clip,af_heart,en-us,0.75,80,300,10,,no,no,0,0,0,no,,,,,,,,,,b36e8a80e9f225f1cc00adae18b5d408e55e6530197db3a775fbc97dd17bfd83
shy,52,yes,perfect,"owner perfect shy_5; family listen_sp0.75; recipe in the batch renderer, not in these columns",batch 21 round 11 / 2026-08-18,clip,af_heart,en-us,0.75,80,300,10,,no,no,0,0,0,no,,,,,,,,,,4819318e24a0dec8d8e1bfc203291c78d444c3266cbb7b18cdc2db7f2741bc6a
side,66,yes,perfect,"owner perfect side_5; family listen_sp0.75; recipe in the batch renderer, not in these columns",batch 21 round 11 / 2026-08-18,clip,af_heart,en-us,0.75,80,300,10,,no,no,0,0,0,no,,,,,,,,,,01379c76cb95f72bb0c33b5ac62e693b00315eb550ab3699e87708c1a2bd6d6c
sight,67,yes,perfect,"owner perfect sight_5; family listen_sp0.75; recipe in the batch renderer, not in these columns",batch 21 round 11 / 2026-08-18,clip,af_heart,en-us,0.75,80,300,10,,no,no,0,0,0,no,,,,,,,,,,e8313f52b494bd24c19cf14daf2ab2a756823b9ad579b54aaf06f4fb580a95da
silly,51,yes,perfect,"owner perfect silly_5; family listen_sp0.75; recipe in the batch renderer, not in these columns",batch 21 round 11 / 2026-08-18,clip,af_heart,en-us,0.75,80,300,10,,no,no,0,0,0,no,,,,,,,,,,a69e07c46dc35667c3a8a32737e1ee663ce43284b8345c48c8e47eeebe6c7b20
simple,48,yes,perfect,"owner perfect simple_4; family listen_sp0.7; recipe in the batch renderer, not in these columns",batch 21 round 12 / 2026-08-18,clip,af_heart,en-us,0.7,80,300,10,,no,no,0,0,0,no,,,,,,,,,,2fe0ae09cc8357284f7344f4719b34d5f00669182cae946631ed9e60ae67af23
singer,38,yes,perfect,"owner perfect singer_5; family listen_sp0.8; recipe in the batch renderer, not in these columns",batch 21 round 12 / 2026-08-18,clip,af_heart,en-us,0.8,80,300,10,,no,no,0,0,0,no,,,,,,,,,,d67c5d2f5a8d55086431b131655c710314c55454bb1cafee3fed5030019dfddf
singing,37,yes,perfect,"owner perfect singing_5; family listen_sp0.75; recipe in the batch renderer, not in these columns",batch 21 round 12 / 2026-08-18,clip,af_heart,en-us,0.75,80,300,10,,no,no,0,0,0,no,,,,,,,,,,3d75127be9837cad4ee3896b1163c81dac4662b987565dcda82465a54859a987
sitting,46,yes,perfect,"owner perfect sitting_5; family listen_sp0.75; recipe in the batch renderer, not in these columns",batch 21 round 12 / 2026-08-18,clip,af_heart,en-us,0.75,80,300,10,,no,no,0,0,0,no,,,,,,,,,,cee24fc05b0642b1b7517f44b2410ec782a43be92f50242d279498ad815ae562
skunk,35,yes,perfect,"owner perfect skunk_1; family say_sp0.7; recipe in the batch renderer, not in these columns",R1 round 2 / 2026-08-19,clip,af_heart,en-us,0.7,80,300,10,,no,no,0,0,0,no,,,,,,,,,,5f58c940a3cb0a4fbdfa7412d4c15b9df4c00955f5062b445bb3e09974c33150
sky,52,yes,perfect,"owner perfect sky_1; family say_sp0.7; recipe in the batch renderer, not in these columns",batch 21 round 12 / 2026-08-18,clip,af_heart,en-us,0.7,80,300,10,,no,no,0,0,0,no,,,,,,,,,,4644779e7650338a5f41038e417255b7854fbbb68a4806eda41b79760aac9edf
sleep,80,yes,perfect,"owner perfect sleep_4; family listen_sp0.7; recipe in the batch renderer, not in these columns",batch 21 round 12 / 2026-08-18,clip,af_heart,en-us,0.7,80,300,10,,no,no,0,0,0,no,,,,,,,,,,d4c19d7a3a5f4dcb95e0930069993be59f14620fb1fe50afc65af43d6a72aa8a
sleeping,71,yes,perfect,"owner perfect sleeping_4; family listen_sp0.7; recipe in the batch renderer, not in these columns",batch 21 round 12 / 2026-08-18,clip,af_heart,en-us,0.7,80,300,10,,no,no,0,0,0,no,,,,,,,,,,1b689bf0b28624b5beed18648ef09fc04677d55bbed97c1bda55a57528a1106b
sleigh,59,yes,perfect,"owner perfect sleigh_4; family listen_sp0.7; recipe in the batch renderer, not in these columns",batch 21 round 12 / 2026-08-18,clip,af_heart,en-us,0.7,80,300,10,,no,no,0,0,0,no,,,,,,,,,,ed4c58c4efbbaa733722be24f319f08ace4ad74863b028c940ab078b0eea7efd
slow,65,yes,perfect,"owner perfect slow_6; family listen_sp0.8; recipe in the batch renderer, not in these columns",R1 round 2 / 2026-08-19,clip,af_heart,en-us,0.8,80,300,10,,no,no,0,0,0,no,,,,,,,,,,1282da09cbfa40d894a4524dc81ccaed321ede91ac4ce181efae9015b26d4081
slowly,65,yes,perfect,"owner perfect slowly_4; family listen_sp0.7; recipe in the batch renderer, not in these columns",batch 21 round 12 / 2026-08-18,clip,af_heart,en-us,0.7,80,300,10,,no,no,0,0,0,no,,,,,,,,,,1213c70d0970d3d1ae6962c65970f55b8897ab19707addac1d7d3d00beade046
sly,52,yes,perfect,"owner perfect sly_5; family listen_sp0.75; recipe in the batch renderer, not in these columns",batch 21 round 12 / 2026-08-18,clip,af_heart,en-us,0.75,80,300,10,,no,no,0,0,0,no,,,,,,,,,,81729fc34dd6e7a097e198493afc21e3303ad65b3ce246b3ad6c578030c1c970
smell,21,yes,perfect,"owner perfect smell_5; family say_sp0.75; recipe in the batch renderer, not in these columns",batch 19 / 2026-08-17,clip,af_heart,en-us,0.75,80,300,10,,no,no,0,0,0,no,,,,,,,,,,58f85670ec20138a8a9acd0fc07f4d9fec73e6691d0e003002671787dac0c3e4
smelled,44,yes,perfect,"owner perfect smelled_5; family listen_sp0.8; recipe in the batch renderer, not in these columns",R1 round 2 / 2026-08-19,clip,af_heart,en-us,0.8,80,300,10,,no,no,0,0,0,no,,,,,,,,,,a5e28627097307e6a5106f664d1c073e971b65b16bcb34ff228b63087c21873a
smile,66,yes,perfect,"owner perfect smile_5; family listen_sp0.75; recipe in the batch renderer, not in these columns",batch 21 round 12 / 2026-08-18,clip,af_heart,en-us,0.75,80,300,10,,no,no,0,0,0,no,,,,,,,,,,8792a946d9fbf5d7a7b4dd798cb6ae1e7b80d7329a33f370d671cbb8a01cacb7
smiled,73,yes,perfect,"owner perfect smiled_5; family listen_sp0.75; recipe in the batch renderer, not in these columns",batch 21 round 12 / 2026-08-18,clip,af_heart,en-us,0.75,80,300,10,,no,no,0,0,0,no,,,,,,,,,,96250e58fcdf3a11039fd1362731e4a2cc2027c97e0c7df259a2fa9d748e0c39
snow,65,yes,perfect,"owner perfect snow_6; family listen_sp0.8; recipe in the batch renderer, not in these columns",R1 round 2 / 2026-08-19,clip,af_heart,en-us,0.8,80,300,10,,no,no,0,0,0,no,,,,,,,,,,d26177eefa00fe4a363260c746f77ebb0da13db628012fe9172fec99220e708b
social,95,yes,perfect,"owner perfect social_5; family listen_sp0.75; recipe in the batch renderer, not in these columns",batch 21 round 12 / 2026-08-18,clip,af_heart,en-us,0.75,80,300,10,,no,no,0,0,0,no,,,,,,,,,,f759fcb5f6c4c0e8570176b58169e95e3b52775feafc054c6a9c15d2c4f46b02
socks,30,yes,perfect,"owner perfect socks_1; family ends_sp0.85; recipe in the batch renderer, not in these columns",batch 20 / 2026-08-17,clip,af_heart,en-us,0.85,80,300,10,,no,no,0,0,0,no,,,,,,,,,,c7d3cec7bc3533331332f5c01c553be2dfad87e1142ca0d3821ae1b69966c633
softly,53,yes,perfect,"owner perfect softly_4; family listen_sp0.7; recipe in the batch renderer, not in these columns",batch 21 round 12 / 2026-08-18,clip,af_heart,en-us,0.7,80,300,10,,no,no,0,0,0,no,,,,,,,,,,7f992cb5f8dc88ae660314b244ddc669020827a12d24456f566ba811f016165e
soil,78,yes,perfect,"owner perfect soil_v8; family gb_listen_sp0.7; recipe in the batch renderer, not in these columns",batch 21 round lastthree / 2026-08-18,clip,af_heart,en-us,0.7,80,300,10,,no,no,0,0,0,no,,,,,,,,,,c0565e7deea3571c696521e97d3a70bcc545dea6ea4e3288300d49793d0c46f3
sold,68,yes,perfect,"owner perfect sold_2; family listen_sp0.75; recipe in the batch renderer, not in these columns",batch 19 / 2026-08-17,clip,af_heart,en-us,0.75,80,300,10,,no,no,0,0,0,no,,,,,,,,,,9f13d0ee6d1bfc42f0dd435581e60df5b3231d29477bbc1d58779c139b22f33d
something,28,yes,perfect,"owner perfect something_3; family word_sp0.8; recipe in the batch renderer, not in these columns",batch 21 round 12 / 2026-08-18,clip,af_heart,en-us,0.8,80,300,10,,no,no,0,0,0,no,,,,,,,,,,4ff1541c073a9f20535f7e91584a31de642850543a381e3731119b5b48a712bc
soon,74,yes,perfect,"owner perfect soon_5; family listen_sp0.75; recipe in the batch renderer, not in these columns",batch 21 round 12 / 2026-08-18,clip,af_heart,en-us,0.75,80,300,10,,no,no,0,0,0,no,,,,,,,,,,b9c7b9bd7eab95340d76253c5ae7d1e3b6944b64bc7c65f7b17a6484ca2b326d
sore,81,yes,perfect,"owner perfect sore_1; family say_sp0.7; recipe in the batch renderer, not in these columns",batch 21 round 12 / 2026-08-18,clip,af_heart,en-us,0.7,80,300,10,,no,no,0,0,0,no,,,,,,,,,,b369c809baafca0d48887389c6adedd68f9950505fe98d73d286e1c1f7471d10
sound,77,yes,perfect,"owner perfect sound_4; family listen_sp0.7; recipe in the batch renderer, not in these columns",batch 21 round 12 / 2026-08-18,clip,af_heart,en-us,0.7,80,300,10,,no,no,0,0,0,no,,,,,,,,,,576612d1c8909a5982d305a6d3cf6ba48733e5abb8702423fa9ff3959f39fceb
sounds,77,yes,perfect,"owner perfect sounds_4; family listen_sp0.7; recipe in the batch renderer, not in these columns",batch 21 round 12 / 2026-08-18,clip,af_heart,en-us,0.7,80,300,10,,no,no,0,0,0,no,,,,,,,,,,40b8a6a9f931bde67a425ec4bd0b97856583e0496c98e607147420e62c80521a
special,95,yes,perfect,"owner perfect special_3; family say_sp0.8; recipe in the batch renderer, not in these columns",batch 21 round 12 / 2026-08-18,clip,af_heart,en-us,0.8,80,300,10,,no,no,0,0,0,no,,,,,,,,,,065037c963396600586f8fd66326d81533fc914a4f416a98e117b09d98f2f427
spelled,44,yes,perfect,"owner perfect spelled_1; family say_sp0.7; recipe in the batch renderer, not in these columns",R1 round 2 / 2026-08-19,clip,af_heart,en-us,0.7,80,300,10,,no,no,0,0,0,no,,,,,,,,,,12432252f650917a0301afa5f2ee7c0aabb3c19c8b0ce470c15a8d56d1869d51
spied,53,yes,perfect,"owner perfect spied_5; family listen_sp0.75; recipe in the batch renderer, not in these columns",batch 21 round 12 / 2026-08-18,clip,af_heart,en-us,0.75,80,300,10,,no,no,0,0,0,no,,,,,,,,,,b90915ca47b478385585737261b1cef11932c2461d70219931e09522ca6d3247
spilled,44,yes,perfect,"owner perfect spilled_4; family listen_sp0.75; recipe in the batch renderer, not in these columns",R1 round 2 / 2026-08-19,clip,af_heart,en-us,0.75,80,300,10,,no,no,0,0,0,no,,,,,,,,,,e0b9081e183f6362ff0b99eb3293a5d3324d7ce981619f19cb58d30e0847de86
splash,36,yes,perfect,"owner perfect splash_4; family listen_sp0.75; recipe in the batch renderer, not in these columns",batch 21 round 12 / 2026-08-18,clip,af_heart,en-us,0.75,80,300,10,,no,no,0,0,0,no,,,,,,,,,,3c6a50b941edb4a101c62ee1f5279481cd2c853faf7da864574b551ac8d0f0b2
split,36,yes,perfect,"owner perfect split_1; family say_sp0.7; recipe in the batch renderer, not in these columns",batch 21 round 12 / 2026-08-18,clip,af_heart,en-us,0.7,80,300,10,,no,no,0,0,0,no,,,,,,,,,,5324859104ab1ba14d642c86b3c0eabeac4f4195593c47ed4cd333d7d977c552
spoil,78,yes,perfect,"owner perfect spoil_2; family say_sp0.75; recipe in the batch renderer, not in these columns",batch 21 round 12 / 2026-08-18,clip,af_heart,en-us,0.75,80,300,10,,no,no,0,0,0,no,,,,,,,,,,cb9af0dea999278acf63d4b711833c692a720c875cbfaec11e73791fa067fc65
spoonful,98,yes,perfect,"owner perfect spoonful_1; family say_sp0.75; recipe in the batch renderer, not in these columns",R1 round 2 / 2026-08-19,clip,af_heart,en-us,0.75,80,300,10,,no,no,0,0,0,no,,,,,,,,,,85115c8e52b742c3d7e3da1a92c4b06ec984b888850a89e52a14c3226235a055
spots,6,yes,perfect,"owner perfect spots_4; family solo_trimmed_sp0.7; recipe in the batch renderer, not in these columns",batch 19 / 2026-08-17,clip,af_heart,en-us,0.7,80,300,10,,no,no,0,0,0,no,,,,,,,,,,8a8b4a134f015e3970387d87a68c65653511fdfd3408486605b268f64e6c7709
spread,69,yes,perfect,"owner perfect spread_5; family listen_sp0.8; recipe in the batch renderer, not in these columns",R1 round 2 / 2026-08-19,clip,af_heart,en-us,0.8,80,300,10,,no,no,0,0,0,no,,,,,,,,,,6d00464aeacb38a883671a3b2303491da5b4ab0246c0a03559576a9becaff094
spring,36,yes,perfect,"owner perfect spring_5; family listen_sp0.8; recipe in the batch renderer, not in these columns",batch 21 round 12 / 2026-08-18,clip,af_heart,en-us,0.8,80,300,10,,no,no,0,0,0,no,,,,,,,,,,ff3ea25a5b23016eb13a3f1530cb832baf61c9013496924d0dd7cbb224eabe83
spy,52,yes,perfect,"owner perfect spy_5; family listen_sp0.75; recipe in the batch renderer, not in these columns",batch 21 round 12 / 2026-08-18,clip,af_heart,en-us,0.75,80,300,10,,no,no,0,0,0,no,,,,,,,,,,46ca5d993580e8dfb6ebbbc03a552c359cf4776b0f2e89aec2cf756d975f0286
squash,29,yes,perfect,"owner perfect squash_4; family listen_sp0.8; recipe in the batch renderer, not in these columns",batch 21 round 12 / 2026-08-18,clip,af_heart,en-us,0.8,80,300,10,,no,no,0,0,0,no,,,,,,,,,,f72a5081f3a808dac0ad9022b74e64187031bcd167b59aeba9e24ca5ca52cc75
stamp,35,yes,perfect,"owner perfect stamp_5; family listen_sp0.75; recipe in the batch renderer, not in these columns",R1 round 2 / 2026-08-19,clip,af_heart,en-us,0.75,80,300,10,,no,no,0,0,0,no,,,,,,,,,,dad908d39a7e6f36147c4c8c9138ee4ef176697559441e4bf5d63fd7f50e7f76
stand,35,yes,perfect,"owner perfect stand_5; family listen_sp0.75; recipe in the batch renderer, not in these columns",R1 round 2 / 2026-08-19,clip,af_heart,en-us,0.75,80,300,10,,no,no,0,0,0,no,,,,,,,,,,989a3f027683cbade981a44de05091903a81d3b23f018046f582dea8a547960e
start,79,yes,perfect,"owner perfect start_5; family listen_sp0.75; recipe in the batch renderer, not in these columns",batch 21 round 12 / 2026-08-18,clip,af_heart,en-us,0.75,80,300,10,,no,no,0,0,0,no,,,,,,,,,,1b4dac42c5d1a2cc6d8f3baab70bdb2d239675e6c2d4ae9a432a8929623e098b
started,79,yes,perfect,"owner perfect started_8; family solo_trimmed_sp0.8; recipe in the batch renderer, not in these columns",batch 21 round 13 / 2026-08-18,clip,af_heart,en-us,0.8,80,300,10,,no,no,0,0,0,no,,,,,,,,,,f6c77f380015784443d821c7814d54cc2c440f0da7cb77e414d68fbe4c711eec
station,95,yes,perfect,"owner perfect station_6; family listen_sp0.8; recipe in the batch renderer, not in these columns",batch 21 round 13 / 2026-08-18,clip,af_heart,en-us,0.8,80,300,10,,no,no,0,0,0,no,,,,,,,,,,c7ead18cfc7f326d4f05d6a0fa9704c5e5b39ab13766e9df7f3fbf22dca6e29d
stay,58,yes,perfect,"owner perfect stay_2; family say_sp0.75; recipe in the batch renderer, not in these columns",batch 21 round 13 / 2026-08-18,clip,af_heart,en-us,0.75,80,300,10,,no,no,0,0,0,no,,,,,,,,,,11db753f7311ed4557ab17b9777d4afd025b6024123642c910013e641c52c6a5
stomach,94,yes,perfect,"owner perfect stomach_6; family listen_sp0.8; recipe in the batch renderer, not in these columns",R1 round 2 / 2026-08-19,clip,af_heart,en-us,0.8,80,300,10,,no,no,0,0,0,no,,,,,,,,,,7f379c7e57bb2a08bbbb4d5748fcc3e1d7d3685f0ef0f2f1c3ddcf2d9c0f114d
stomp,35,yes,perfect,"owner perfect stomp_1; family say_sp0.7; recipe in the batch renderer, not in these columns",R1 round 2 / 2026-08-19,clip,af_heart,en-us,0.7,80,300,10,,no,no,0,0,0,no,,,,,,,,,,683c8066b6ced1d34dccda9d21d4d3eb2ae3ee40e346d5220669f0cb6a6986e7
stopped,46,yes,perfect,"owner perfect stopped_2; family say_sp0.75; recipe in the batch renderer, not in these columns",batch 21 round 13 / 2026-08-18,clip,af_heart,en-us,0.75,80,300,10,,no,no,0,0,0,no,,,,,,,,,,17b06ede216f3ed3bbd685e217a7a3f007f284cd0869bb5a896c2b29a994af30
stopping,46,yes,perfect,"owner perfect stopping_4; family listen_sp0.75; recipe in the batch renderer, not in these columns",batch 21 round 13 / 2026-08-18,clip,af_heart,en-us,0.75,80,300,10,,no,no,0,0,0,no,,,,,,,,,,f7de352386a264bc78360d91f8c8faa9a79e7111f939321a8775249d6ae7e153
store,81,yes,perfect,"owner perfect store_5; family listen_sp0.75; recipe in the batch renderer, not in these columns",batch 21 round 13 / 2026-08-18,clip,af_heart,en-us,0.75,80,300,10,,no,no,0,0,0,no,,,,,,,,,,2533d7378333c8b73816b914de33f02bf3fc6fb1d753c51f4ccb91f6d340f281
story,81,yes,perfect,"owner perfect story_3; family say_sp0.8; recipe in the batch renderer, not in these columns",batch 21 round 13 / 2026-08-18,clip,af_heart,en-us,0.8,80,300,10,,no,no,0,0,0,no,,,,,,,,,,db654b5eada7ed99d165badca9f9a1ff5ccb4196f6c3767c336e121e30b5e7b7
strap,36,yes,perfect,"owner perfect strap_4; family listen_sp0.7; recipe in the batch renderer, not in these columns",batch 21 round 13 / 2026-08-18,clip,af_heart,en-us,0.7,80,300,10,,no,no,0,0,0,no,,,,,,,,,,42bdd103501b8575819d8ef8f4a63d8de525ad555f580168dd498a7e116adbc3
straw,82,yes,perfect,"owner perfect straw_5; family listen_sp0.75; recipe in the batch renderer, not in these columns",batch 21 round 13 / 2026-08-18,clip,af_heart,en-us,0.75,80,300,10,,no,no,0,0,0,no,,,,,,,,,,189afb0b6ff8e0816bf4a202f6a88099d6c5e467f85849ecc6f54178d95dbc84
string,36,yes,perfect,"owner perfect string_5; family listen_sp0.75; recipe in the batch renderer, not in these columns",batch 21 round 13 / 2026-08-18,clip,af_heart,en-us,0.75,80,300,10,,no,no,0,0,0,no,,,,,,,,,,e1821912f9c1990244a8c6979982d1cc97d7b36d959ed0bb9c114c78c011e181
strip,36,yes,perfect,"owner perfect strip_1; family say_sp0.7; recipe in the batch renderer, not in these columns",batch 21 round 13 / 2026-08-18,clip,af_heart,en-us,0.7,80,300,10,,no,no,0,0,0,no,,,,,,,,,,bf5608da99f3b3f1152a241d689e2d953e61c60ca492e4bbac41bc8232bec64c
strong,36,yes,perfect,"owner perfect strong_5; family listen_sp0.75; recipe in the batch renderer, not in these columns",batch 21 round 13 / 2026-08-18,clip,af_heart,en-us,0.75,80,300,10,,no,no,0,0,0,no,,,,,,,,,,ac88a34d59d03adfa790dbe0fc28155b307aba6e2fc06c26b15efb7e69d49925
sunny,56,yes,perfect,"owner perfect sunny_5; family listen_sp0.75; recipe in the batch renderer, not in these columns",batch 21 round 13 / 2026-08-18,clip,af_heart,en-us,0.75,80,300,10,,no,no,0,0,0,no,,,,,,,,,,dbcf034675f3261f62376fcc8213917fc0e43b88b6db6ca1777e73d6dc63cd61
sunset,20,yes,perfect,"owner perfect ; family say_sp0.8; recipe in the batch renderer, not in these columns",batch 12 (2026-08-11),clip,af_heart,en-us,0.8,80,300,10,,no,no,0,0,0,no,,,,,,,,,,48e45e5da53b15c55685459caca8071ba9c88030727cc301177c60285facf603
survey,83,yes,perfect,"owner perfect survey_5; family listen_sp0.75; recipe in the batch renderer, not in these columns",batch 21 round 13 / 2026-08-18,clip,af_heart,en-us,0.75,80,300,10,,no,no,0,0,0,no,,,,,,,,,,d0e4a600973e469eec81cba80c3f6af24d20ab79102aa67e8b9ca9d2d1942ed6
swan,33,yes,perfect,"owner perfect swan_4; family listen_sp0.7; recipe in the batch renderer, not in these columns",batch 21 round 13 / 2026-08-18,clip,af_heart,en-us,0.7,80,300,10,,no,no,0,0,0,no,,,,,,,,,,53d918ab1cc6ade80f5cdd78f1f267e3f562bd0e3c1a00772747a80281b929a3
swap,33,yes,perfect,"owner perfect swap_4; family listen_sp0.7; recipe in the batch renderer, not in these columns",batch 21 round 13 / 2026-08-18,clip,af_heart,en-us,0.7,80,300,10,,no,no,0,0,0,no,,,,,,,,,,a54138644cc186202e17942d5d4067c2ed21123563ff3f388eabe12ebd20771d
swimming,46,yes,perfect,"owner perfect swimming_4; family here_sp0.75; recipe in the batch renderer, not in these columns",batch 21 round 13 / 2026-08-18,clip,af_heart,en-us,0.75,80,300,10,,no,no,0,0,0,no,,,,,,,,,,4e851218cde215ec8c50baff77c57bebe15a5df144b142afa728396cd9599a03
table,72,yes,perfect,"owner perfect table_3; family say_sp0.8; recipe in the batch renderer, not in these columns",batch 21 round 13 / 2026-08-18,clip,af_heart,en-us,0.8,80,300,10,,no,no,0,0,0,no,,,,,,,,,,04e3b05ae391c3796803b258ce98948d20bf5713ac7b8b3ac590ca0e0166c288
tail,58,yes,perfect,"owner perfect tail_2; family say_sp0.75; recipe in the batch renderer, not in these columns",batch 21 round 13 / 2026-08-18,clip,af_heart,en-us,0.75,80,300,10,,no,no,0,0,0,no,,,,,,,,,,1d337e35f3a73f839b69c34135c9b6572701abc8fe4467e24c181f14a67fc4b1
take,60,yes,perfect,"owner perfect take_6; family listen_sp0.8; recipe in the batch renderer, not in these columns",batch 20 / 2026-08-17,clip,af_heart,en-us,0.8,80,300,10,,no,no,0,0,0,no,,,,,,,,,,f80b4845990f93f81287faa018b3374d1b682cee99ff50ebfcff0bb026ee3af1
talk,86,yes,perfect,"owner perfect talk_5; family listen_sp0.75; recipe in the batch renderer, not in these columns",batch 21 round 13 / 2026-08-18,clip,af_heart,en-us,0.75,80,300,10,,no,no,0,0,0,no,,,,,,,,,,95481bb1efdb8c14b5f70a6650cbce6fa0d406293c33b09bde7710edbb044599
talked,86,yes,perfect,"owner perfect talked_f4; family word_sp0.8; recipe in the batch renderer, not in these columns",batch 21 round final / 2026-08-18,clip,af_heart,en-us,0.8,80,300,10,,no,no,0,0,0,no,,,,,,,,,,9841456e568caf67d66ab1c69b935b8646b62b0aab058f3002519f526782aa37
talking,86,yes,perfect,"owner perfect talking_5; family listen_sp0.75; recipe in the batch renderer, not in these columns",batch 21 round 13 / 2026-08-18,clip,af_heart,en-us,0.75,80,300,10,,no,no,0,0,0,no,,,,,,,,,,48a8da46fcc16b74074550c58a9c2a56059d1811ad6ac030fa0cf42ca2ab5bec
talks,86,yes,perfect,"owner perfect talks_5; family listen_sp0.75; recipe in the batch renderer, not in these columns",batch 21 round 13 / 2026-08-18,clip,af_heart,en-us,0.75,80,300,10,,no,no,0,0,0,no,,,,,,,,,,aba4e3abd0850e1a5f18caaa9b0e42febf37ae59cf3afe67bbd66e4cfd5399c5
tame,60,yes,perfect,"owner perfect tame_2; family say_sp0.75; recipe in the batch renderer, not in these columns",batch 20 / 2026-08-17,clip,af_heart,en-us,0.75,80,300,10,,no,no,0,0,0,no,,,,,,,,,,85ff4db420db94b851ead6e5c22ad128a5844d1b041e4241d20947b7d65da260
tar,79,yes,perfect,"owner perfect tar_5; family listen_sp0.75; recipe in the batch renderer, not in these columns",batch 21 round 13 / 2026-08-18,clip,af_heart,en-us,0.75,80,300,10,,no,no,0,0,0,no,,,,,,,,,,2d61bd75c357924318a07da762fbcfdfec52d17b58a97d449b3b10bf3942fad3
teach,100,yes,perfect,"owner perfect teach_2; family say_sp0.75; recipe in the batch renderer, not in these columns",batch 21 round 13 / 2026-08-18,clip,af_heart,en-us,0.75,80,300,10,,no,no,0,0,0,no,,,,,,,,,,4715c427f458425e9f1c9435b1151b794bc827524ea4000324597a404d3bc8db
teacher,100,yes,perfect,"owner perfect teacher_1; family say_sp0.7; recipe in the batch renderer, not in these columns",batch 21 round 13 / 2026-08-18,clip,af_heart,en-us,0.7,80,300,10,,no,no,0,0,0,no,,,,,,,,,,daec2709715192c35b7ece10f1884f29abccc133a57011ffd2db517b1ad94b9f
teaching,62,yes,perfect,"owner perfect teaching_1; family say_sp0.7; recipe in the batch renderer, not in these columns",batch 21 round 13 / 2026-08-18,clip,af_heart,en-us,0.7,80,300,10,,no,no,0,0,0,no,,,,,,,,,,e734fb4c86b653a677f2620bf00b8424e5bdd599efc2999b4ac3fef42e464381
teeth,80,yes,perfect,"owner perfect teeth_4; family listen_sp0.7; recipe in the batch renderer, not in these columns",batch 21 round 13 / 2026-08-18,clip,af_heart,en-us,0.7,80,300,10,,no,no,0,0,0,no,,,,,,,,,,a62c5383d99ac63a9a0eeb53ed96a8032bf06377dd2023d62d76ecc0383de16c
tents,32,yes,perfect,"owner perfect tents_1; family say_sp0.7; recipe in the batch renderer, not in these columns",R1 round 2 / 2026-08-19,clip,af_heart,en-us,0.7,80,300,10,,no,no,0,0,0,no,,,,,,,,,,2b934fa79d127fea6f8223fe9a42bf0badd0cd2126365e909d34d61a39771ab8
than,25,yes,perfect,"owner perfect than_4; family listen_sp0.65; recipe in the batch renderer, not in these columns",batch 18 / 2026-08-17,clip,af_heart,en-us,0.65,80,300,10,,no,no,0,0,0,no,,,,,,,,,,80be3c96a54ad240ab3cedbba1a527badc5268cde98964bd23c3c19c8b1b4dd8
thank,24,yes,perfect,"owner perfect thank_2; family listen_sp0.75; recipe in the batch renderer, not in these columns",batch 19 / 2026-08-17,clip,af_heart,en-us,0.75,80,300,10,,no,no,0,0,0,no,,,,,,,,,,bee9ae1effa50908c40ece870982af1fe6c38b5f4188f542006dcc438a81cff9
thankful,24,yes,perfect,"owner perfect thankful_f4; family say_sp0.7; recipe in the batch renderer, not in these columns",batch 21 round final / 2026-08-18,clip,af_heart,en-us,0.7,80,300,10,,no,no,0,0,0,no,,,,,,,,,,2ff25e1bacd00e48c187b5d915ea2a55f2c6f7f0820de9e5f7a42a33fc3249d5
these,63,yes,perfect,"owner perfect these_t1; family phcar_sp0.6; recipe in the batch renderer, not in these columns",batch 21 round rescue3 / 2026-08-18,clip,af_heart,en-us,0.6,80,300,10,,no,no,0,0,0,no,,,,,,,,,,2ba4bf95dacc2d41d5b471f51b6978404c916a9d2a7615ea01d60ba698006348
thing,50,yes,perfect,"owner perfect thing_1; family listen_sp0.7; recipe in the batch renderer, not in these columns",batch 21 round 14 / 2026-08-18,clip,af_heart,en-us,0.7,80,300,10,,no,no,0,0,0,no,,,,,,,,,,f55746f7f9930bf6213ca72e38a91fda688ad5c4d12ac6bcdd66c433d2bf905d
things,56,yes,perfect,"owner perfect things_t1; family phcar_sp0.6; recipe in the batch renderer, not in these columns",batch 21 round rescue3 / 2026-08-18,clip,af_heart,en-us,0.6,80,300,10,,no,no,0,0,0,no,,,,,,,,,,6fd5fa658f52089e22d3f17bdb626a453b7721c7ccc7f023d1de764631159f86
third,83,yes,perfect,"owner perfect third_v3; family gb_pair_sp0.8; recipe in the batch renderer, not in these columns",batch 21 round lastthree / 2026-08-18,clip,af_heart,en-us,0.8,80,300,10,,no,no,0,0,0,no,,,,,,,,,,1f6410c7a984924e146def8df8f1ec264a9d0f73883b66de6d404457f00f2693
thistle,93,yes,perfect,"owner perfect thistle_2; family say_sp0.75; recipe in the batch renderer, not in these columns",batch 21 round 14 / 2026-08-18,clip,af_heart,en-us,0.75,80,300,10,,no,no,0,0,0,no,,,,,,,,,,df1b5299cff2a29b88daf4495f1bbc186f3cd3e20d2c0ab83456fcceb5cd93e4
those,64,yes,perfect,"owner perfect those_t7; family phpair2_sp0.6; recipe in the batch renderer, not in these columns",batch 21 round rescue3 / 2026-08-18,clip,af_heart,en-us,0.6,80,300,10,,no,no,0,0,0,no,,,,,,,,,,09e6280276c86f77c0c68d5336d7011d4525dc063a9050bc3f95cce6689fbbab
thought,92,yes,perfect,"owner perfect thought_f1; family listen_sp0.7; recipe in the batch renderer, not in these columns",batch 21 round final / 2026-08-18,clip,af_heart,en-us,0.7,80,300,10,,no,no,0,0,0,no,,,,,,,,,,28c2be79e0841e1392b0c10b6e0d1c4a3dd5eeccd00e8bd169bce99c24c40fa2
thread,69,yes,perfect,"owner perfect thread_1; family listen_sp0.7; recipe in the batch renderer, not in these columns",R1 round 2 / 2026-08-19,clip,af_heart,en-us,0.7,80,300,10,,no,no,0,0,0,no,,,,,,,,,,367df22e0c87ad7e677615ba45aa48b0d6b2fceeaa02972773f9a19d9609d3c5
throw,65,yes,perfect,"owner perfect throw_2; family listen_sp0.7; recipe in the batch renderer, not in these columns",batch 21 round 14 / 2026-08-18,clip,af_heart,en-us,0.7,80,300,10,,no,no,0,0,0,no,,,,,,,,,,20ba613ff8e3d737368bc8237c1f971201c604c4c9b26b0f9b72ed41e5b52942
thump,24,yes,perfect,"owner perfect thump_1; family say_sp0.7; recipe in the batch renderer, not in these columns",R1 round 2 / 2026-08-19,clip,af_heart,en-us,0.7,80,300,10,,no,no,0,0,0,no,,,,,,,,,,362a88a5c53b5610782e3e990d7eb1c85f81de2764546f341d2c3730ae2fbded
thunder,42,yes,perfect,"owner perfect thunder_5; family listen_sp0.75; recipe in the batch renderer, not in these columns",R1 round 2 / 2026-08-19,clip,af_heart,en-us,0.75,80,300,10,,no,no,0,0,0,no,,,,,,,,,,f7e9d1b6824c692d850ef2c2acb009cf52f8081207ec9053c18b6117ee9c9b12
tie,67,yes,perfect,"owner perfect tie_5; family listen_sp0.75; recipe in the batch renderer, not in these columns",batch 21 round 14 / 2026-08-18,clip,af_heart,en-us,0.75,80,300,10,,no,no,0,0,0,no,,,,,,,,,,9466cda91dc00db173a3ffe06dff2e2555b4f871ee6f81bf085eb8b0dfa65648
tiger,72,yes,perfect,"owner perfect tiger_5; family listen_sp0.75; recipe in the batch renderer, not in these columns",batch 21 round 14 / 2026-08-18,clip,af_heart,en-us,0.75,80,300,10,,no,no,0,0,0,no,,,,,,,,,,c2c99c05e06aec132437d4c40e28506fc8a92d452bd3dd1f0aa3b00f62d10c96
tigers,72,yes,perfect,"owner perfect tigers_2; family say_sp0.75; recipe in the batch renderer, not in these columns",batch 21 round 14 / 2026-08-18,clip,af_heart,en-us,0.75,80,300,10,,no,no,0,0,0,no,,,,,,,,,,58444e4041bd6ab2a1b2e10603b3e103afde0f1648463e4816e84bb979ad9a0f
time,66,yes,perfect,"owner perfect time_5; family listen_sp0.75; recipe in the batch renderer, not in these columns",batch 21 round 14 / 2026-08-18,clip,af_heart,en-us,0.75,80,300,10,,no,no,0,0,0,no,,,,,,,,,,368309875d862536ec767ee493d2a8833a8790e7f4d9c53f6fd166e7aa2dae53
toe,65,yes,perfect,"owner perfect toe_1; family say_sp0.7; recipe in the batch renderer, not in these columns",R1 round 2 / 2026-08-19,clip,af_heart,en-us,0.7,80,300,10,,no,no,0,0,0,no,,,,,,,,,,40806c0a7ffe3585b24d32cc3e6004bf2ac28144359dabd669e0b54a56a6adcf
told,68,yes,perfect,"owner perfect told_1; family listen_sp0.7; recipe in the batch renderer, not in these columns",batch 19 / 2026-08-17,clip,af_heart,en-us,0.7,80,300,10,,no,no,0,0,0,no,,,,,,,,,,438ecb4675fe65c7d9a3c39ad73ea33943d92286b3499df73209da0f69b97637
too,74,yes,perfect,"owner perfect too_4; family listen_sp0.7; recipe in the batch renderer, not in these columns",batch 21 round 14 / 2026-08-18,clip,af_heart,en-us,0.7,80,300,10,,no,no,0,0,0,no,,,,,,,,,,e12028487d7423c624b6a0b41e9dd56854cbe8d18d65778bfe8524fc0b27b6b4
took,75,yes,perfect,"owner perfect took_6; family listen_sp0.8; recipe in the batch renderer, not in these columns",batch 21 round 14 / 2026-08-18,clip,af_heart,en-us,0.8,80,300,10,,no,no,0,0,0,no,,,,,,,,,,3b31239cebb61baa11caec94e608e3c48e0abc57a71e1630638c3a2a1b31e909
tooth,74,yes,perfect,"owner perfect tooth_4; family listen_sp0.7; recipe in the batch renderer, not in these columns",batch 21 round 14 / 2026-08-18,clip,af_heart,en-us,0.7,80,300,10,,no,no,0,0,0,no,,,,,,,,,,084ebd3d903fa251c87b06ab55ca3caeb88bec9a5d7f3cbd204e7bf94924e1eb
tore,81,yes,perfect,"owner perfect tore_5; family listen_sp0.75; recipe in the batch renderer, not in these columns",batch 21 round 14 / 2026-08-18,clip,af_heart,en-us,0.75,80,300,10,,no,no,0,0,0,no,,,,,,,,,,ca5f8a4795b6c761c60196991859aa49e6389418cc09d1d0aaa0fa95d69e6738
torn,81,yes,perfect,"owner perfect torn_4; family listen_sp0.7; recipe in the batch renderer, not in these columns",batch 21 round 14 / 2026-08-18,clip,af_heart,en-us,0.7,80,300,10,,no,no,0,0,0,no,,,,,,,,,,be9c6245671967707eb66516f97cf50cb35cd902172d4e43aa6b509e23460475
town,77,yes,perfect,"owner perfect town_5; family listen_sp0.75; recipe in the batch renderer, not in these columns",batch 21 round 14 / 2026-08-18,clip,af_heart,en-us,0.75,80,300,10,,no,no,0,0,0,no,,,,,,,,,,4b12f2dae815eec4833d4e5d660f5d14cf6507a922efcf73197707c280c4d810
toy,78,yes,perfect,"owner perfect toy_t7; family phcar_sp0.6; recipe in the batch renderer, not in these columns",batch 21 round rescue3 / 2026-08-18,clip,af_heart,en-us,0.6,80,300,10,,no,no,0,0,0,no,,,,,,,,,,f999e196059aad90ae7c0ae18c8ef028ded36c2992fc615f7558f17d5da35f3f
tree,90,yes,perfect,"owner perfect tree_4; family listen_sp0.7; recipe in the batch renderer, not in these columns",batch 21 round 14 / 2026-08-18,clip,af_heart,en-us,0.7,80,300,10,,no,no,0,0,0,no,,,,,,,,,,ad1630343b86a41f263b60fb15428a8477fca7ecbf2d47676094fe9b893b6c8b
trees,90,yes,perfect,"owner perfect trees_1; family say_sp0.7; recipe in the batch renderer, not in these columns",batch 21 round 14 / 2026-08-18,clip,af_heart,en-us,0.7,80,300,10,,no,no,0,0,0,no,,,,,,,,,,7d1bbb6da46b5ac438ff5c72478cd0f1658701b1eeba0272766e32094f173065
tried,53,yes,perfect,"owner perfect tried_5; family listen_sp0.75; recipe in the batch renderer, not in these columns",batch 21 round 14 / 2026-08-18,clip,af_heart,en-us,0.75,80,300,10,,no,no,0,0,0,no,,,,,,,,,,8adccaca3e7ac28039a4409d03a13bdd11c19d8630a4766fd6d9e3f5b1d9411d
true,76,yes,perfect,"owner perfect true_4; family listen_sp0.7; recipe in the batch renderer, not in these columns",batch 21 round 14 / 2026-08-18,clip,af_heart,en-us,0.7,80,300,10,,no,no,0,0,0,no,,,,,,,,,,0de3c5b75292d45e86506d03714de5bb69f6083db0ff77cae3653818973239fd
trunk,35,yes,perfect,"owner perfect trunk_6; family listen_sp0.8; recipe in the batch renderer, not in these columns",R1 round 2 / 2026-08-19,clip,af_heart,en-us,0.8,80,300,10,,no,no,0,0,0,no,,,,,,,,,,f15709ca89b32305cebb2a6dd712c45277b1ca98239b3ea6a9c71ed1dd660af9
try,52,yes,perfect,"owner perfect try_4; family listen_sp0.7; recipe in the batch renderer, not in these columns",batch 21 round 14 / 2026-08-18,clip,af_heart,en-us,0.7,80,300,10,,no,no,0,0,0,no,,,,,,,,,,79f551ccd560becbcbae2bf99bbcad014c34165b1f7a194ef81c48da85ccdf41
turn,83,yes,perfect,"owner perfect turn_4; family listen_sp0.7; recipe in the batch renderer, not in these columns",batch 21 round 14 / 2026-08-18,clip,af_heart,en-us,0.7,80,300,10,,no,no,0,0,0,no,,,,,,,,,,ddbbda2512eb6f3b58d1cd71c34c40a5fe6cbe2d085de07ae0cfdd6cd3293ecb
umbrella,21,yes,perfect,"owner perfect umbrella_1; family say_sp0.7; recipe in the batch renderer, not in these columns",batch 21 round 14 / 2026-08-18,clip,af_heart,en-us,0.7,80,300,10,,no,no,0,0,0,no,,,,,,,,,,c361f19a1fe7682b166aad5d8f26fc4705d4224854d380b8851db240a58411c6
uncle,97,yes,perfect,"owner perfect uncle_4; family here_sp0.8; recipe in the batch renderer, not in these columns",batch 21 round 14 / 2026-08-18,clip,af_heart,en-us,0.8,80,300,10,,no,no,0,0,0,no,,,,,,,,,,174c87d66d7aeb1c14876e52cb58c8d560dcc7fd91eaf85ea02f23717f77622a
under,97,yes,perfect,"owner perfect under_8; family listen_sp0.9; recipe in the batch renderer, not in these columns",batch 15 / 2026-08-16,clip,af_heart,en-us,0.9,80,300,10,,no,no,0,0,0,no,,,,,,,,,,7a3d3a1d9b59fe64d8cdf9b23f99483e65f2cfe02ba9f9e8c41b49249bd4e44d
undo,40,yes,perfect,"owner perfect undo_4; family listen_sp0.8; recipe in the batch renderer, not in these columns",batch 21 round 14 / 2026-08-18,clip,af_heart,en-us,0.8,80,300,10,,no,no,0,0,0,no,,,,,,,,,,ba7f34b076b098236bf72f6eea8bb3f30028598a5a14a8b375f6d79d2d287c21
unfair,85,yes,perfect,"owner perfect unfair_2; family listen_sp0.75; recipe in the batch renderer, not in these columns",batch 21 round 15 / 2026-08-18,clip,af_heart,en-us,0.75,80,300,10,,no,no,0,0,0,no,,,,,,,,,,6dc0dc51c39fb88bd8850d8f3998aa7338c2cd425ef10b146cbc03b466c168ed
unhappy,60,yes,perfect,"owner perfect unhappy_4; family here_sp0.7; recipe in the batch renderer, not in these columns",batch 21 round 15 / 2026-08-18,clip,af_heart,en-us,0.7,80,300,10,,no,no,0,0,0,no,,,,,,,,,,d5adaf6cb90fafe39c6e825c28220375ce895d625dffbd0451f10403428dd5b5
unlock,50,yes,perfect,"owner perfect unlock_1; family say_sp0.7; recipe in the batch renderer, not in these columns",batch 21 round 15 / 2026-08-18,clip,af_heart,en-us,0.7,80,300,10,,no,no,0,0,0,no,,,,,,,,,,2254843abb8f33d28917c5195986c9beefe999b18e3edd1484c6d210476eb82a
use,76,yes,perfect,"owner perfect use_f1; family listen_sp0.7; recipe in the batch renderer, not in these columns",batch 21 round final / 2026-08-18,clip,af_heart,en-us,0.7,80,300,10,,no,no,0,0,0,no,,,,,,,,,,483058f36f0d2c1fb23a3ebb9815d5a840d3275fbcb570dc7317b0462c307d7c
useful,98,yes,perfect,"owner perfect useful_2; family say_sp0.75; recipe in the batch renderer, not in these columns",batch 21 round 15 / 2026-08-18,clip,af_heart,en-us,0.75,80,300,10,,no,no,0,0,0,no,,,,,,,,,,350b0dc355d9c6921f558381c1e06c92e9d82d4356c19efd6b9e0b50c8a3b730
valley,63,yes,perfect,"owner perfect valley_5; family listen_sp0.75; recipe in the batch renderer, not in these columns",batch 21 round 15 / 2026-08-18,clip,af_heart,en-us,0.75,80,300,10,,no,no,0,0,0,no,,,,,,,,,,b562534a5edbeced5c7b1ada5196f61f63b6b04f7cb09dedea16c67607acfd2b
very,51,yes,perfect,"owner perfect very_5; family listen_sp0.75; recipe in the batch renderer, not in these columns",batch 21 round 15 / 2026-08-18,clip,af_heart,en-us,0.75,80,300,10,,no,no,0,0,0,no,,,,,,,,,,5d63620d0072317e2938a765ad9fa382c221c99b6daccdd9cf0c7e08ba46b823
waffle,48,yes,perfect,"owner perfect waffle_2; family say_sp0.75; recipe in the batch renderer, not in these columns",batch 21 round 15 / 2026-08-18,clip,af_heart,en-us,0.75,80,300,10,,no,no,0,0,0,no,,,,,,,,,,c6a7ea77c130c7ba9e8d108548aa865760b30325deb444214714cb416860d5ae
walk,86,yes,perfect,"owner perfect walk_5; family listen_sp0.75; recipe in the batch renderer, not in these columns",batch 21 round 15 / 2026-08-18,clip,af_heart,en-us,0.75,80,300,10,,no,no,0,0,0,no,,,,,,,,,,7e0d3c96f070dc8d3f651feb1e14a94cafba6868fb948fbfa61e1df311343206
walked,86,yes,perfect,"owner perfect walked_5; family listen_sp0.75; recipe in the batch renderer, not in these columns",batch 21 round 15 / 2026-08-18,clip,af_heart,en-us,0.75,80,300,10,,no,no,0,0,0,no,,,,,,,,,,039e7df3531555ba6d1aeff59ec751af8d49e9648b1ab5da36b34b4b8fb39b9c
walking,86,yes,perfect,"owner perfect walking_2; family word_sp0.8; recipe in the batch renderer, not in these columns",batch 21 round 15 / 2026-08-18,clip,af_heart,en-us,0.8,80,300,10,,no,no,0,0,0,no,,,,,,,,,,74bb72cc9ad05428a796e0c19b44c6d98a92d03dbb86c22dc99213a2350177f8
wallet,55,yes,perfect,"owner perfect wallet_4; family listen_sp0.7; recipe in the batch renderer, not in these columns",batch 21 round 15 / 2026-08-18,clip,af_heart,en-us,0.7,80,300,10,,no,no,0,0,0,no,,,,,,,,,,4025f9051eefdfe8995f4dd927843a2aea2e6eae38d53f1af637607a09aaaab9
wand,55,yes,perfect,"owner perfect wand_5; family listen_sp0.75; recipe in the batch renderer, not in these columns",batch 21 round 15 / 2026-08-18,clip,af_heart,en-us,0.75,80,300,10,,no,no,0,0,0,no,,,,,,,,,,50868baa73c2df2320b4cd495232fb2cae7fc161d370df0e891534d7a1e4a65e
wanted,45,yes,perfect,"owner perfect wanted_1; family listen_sp0.8; recipe in the batch renderer, not in these columns",batch 21 round 15 / 2026-08-18,clip,af_heart,en-us,0.8,80,300,10,,no,no,0,0,0,no,,,,,,,,,,8df26a7e2f9a35e16377051c15e8a24b55b47c5dfd40f3c4238e8216bce8d9ab
watch,88,yes,perfect,"owner perfect watch_4; family word_sp0.8; recipe in the batch renderer, not in these columns",batch 21 round 15 / 2026-08-18,clip,af_heart,en-us,0.8,80,300,10,,no,no,0,0,0,no,,,,,,,,,,2329af56833fc898f5e6ddaa244d43731d9179c7d3d795d04038f6dd97509108
water,55,yes,perfect,"owner perfect water_4; family listen_sp0.7; recipe in the batch renderer, not in these columns",batch 21 round 15 / 2026-08-18,clip,af_heart,en-us,0.7,80,300,10,,no,no,0,0,0,no,,,,,,,,,,dd55c24a9f7b14eebda1fc4c92f1d4db66ecb16a8abff308e1fdf2965de77bff
waves,57,yes,perfect,"owner perfect waves_2; family listen_sp0.75; recipe in the batch renderer, not in these columns",batch 19 / 2026-08-17,clip,af_heart,en-us,0.75,80,300,10,,no,no,0,0,0,no,,,,,,,,,,fd39e983e95b61b67f48b1dd3363b1229829ff36662916d44150fe048d037f8b
way,58,yes,perfect,"owner perfect way_4; family listen_sp0.7; recipe in the batch renderer, not in these columns",batch 21 round 15 / 2026-08-18,clip,af_heart,en-us,0.7,80,300,10,,no,no,0,0,0,no,,,,,,,,,,15cc818433345865813fbf9096e96a0a1f7ea4e49d31d9bddde7fa963177551c
weather,69,yes,perfect,"owner perfect weather_5; family listen_sp0.8; recipe in the batch renderer, not in these columns",R1 round 2 / 2026-08-19,clip,af_heart,en-us,0.8,80,300,10,,no,no,0,0,0,no,,,,,,,,,,a3500d6fc0500b9d3893caaaa9695f5a8940f12d0b8108808bc176c9cf50da9e
weigh,59,yes,perfect,"owner perfect weigh_5; family word_sp0.75; recipe in the batch renderer, not in these columns",batch 21 round 15 / 2026-08-18,clip,af_heart,en-us,0.75,80,300,10,,no,no,0,0,0,no,,,,,,,,,,dde0c1a62e662975dc39b87a2e8a98a352e407f549420599704e1d42174d2029
weight,59,yes,perfect,"owner perfect weight_5; family listen_sp0.75; recipe in the batch renderer, not in these columns",batch 21 round 15 / 2026-08-18,clip,af_heart,en-us,0.75,80,300,10,,no,no,0,0,0,no,,,,,,,,,,e14ac730792ef9adec52aaa0ac6b1971aa1a685f26190c4e65f24e4c52ea73e3
where,85,yes,perfect,"owner perfect where_5; family listen_sp0.8; recipe in the batch renderer, not in these columns",batch 21 round 15 / 2026-08-18,clip,af_heart,en-us,0.8,80,300,10,,no,no,0,0,0,no,,,,,,,,,,d581534e8975e60c5496cbc27caa0e13f06cc2485e23c01da7f785d7219da96b
whisper,42,yes,perfect,"owner perfect whisper_1; family say_sp0.7; recipe in the batch renderer, not in these columns",R1 round 2 / 2026-08-19,clip,af_heart,en-us,0.7,80,300,10,,no,no,0,0,0,no,,,,,,,,,,555483bd043c48f06ce4fbe386378a7ecf9fb811104f66e80f34edf15889ccac
whistle,93,yes,perfect,"owner perfect whistle_1; family say_sp0.7; recipe in the batch renderer, not in these columns",batch 21 round 15 / 2026-08-18,clip,af_heart,en-us,0.7,80,300,10,,no,no,0,0,0,no,,,,,,,,,,f308ef2ca5e6bac05df5ae28e36b74fc96e221fe1cee3b1b758728a8035840eb
white,66,yes,perfect,"owner perfect white_4; family listen_sp0.75; recipe in the batch renderer, not in these columns",batch 21 round 15 / 2026-08-18,clip,af_heart,en-us,0.75,80,300,10,,no,no,0,0,0,no,,,,,,,,,,75c92c8028279ba38eea5075798ce1014367a11f31c7851c19980d5b6fa63745
why,52,yes,perfect,"owner perfect why_5; family listen_sp0.75; recipe in the batch renderer, not in these columns",batch 21 round 15 / 2026-08-18,clip,af_heart,en-us,0.75,80,300,10,,no,no,0,0,0,no,,,,,,,,,,e3ac5db3d3ce93c6e6a967f9af382fbc35276dff489f93e0473755ddae715386
wild,68,yes,perfect,"owner perfect wild_6; family listen_sp0.8; recipe in the batch renderer, not in these columns",batch 21 round 15 / 2026-08-18,clip,af_heart,en-us,0.8,80,300,10,,no,no,0,0,0,no,,,,,,,,,,a5229f4dfbea79527068214fb9bc4ec7ddde98c4cd9547cb191bd39867c33b0d
windmill,42,yes,perfect,"owner perfect windmill_5; family listen_sp0.75; recipe in the batch renderer, not in these columns",batch 21 round 15 / 2026-08-18,clip,af_heart,en-us,0.75,80,300,10,,no,no,0,0,0,no,,,,,,,,,,2ccd5930a67976aeb3c4676a1a99af04781c5dd29f9462f5164e747807bdd93e
window,65,yes,perfect,"owner perfect window_1; family say_sp0.7; recipe in the batch renderer, not in these columns",R1 round 2 / 2026-08-19,clip,af_heart,en-us,0.7,80,300,10,,no,no,0,0,0,no,,,,,,,,,,c4e4540bcb4e0a5af6ee83a159f1056342c1742896ab1b1eb26c5781fbedd1e6
windy,60,yes,perfect,"owner perfect windy_1; family say_sp0.7; recipe in the batch renderer, not in these columns",batch 21 round 15 / 2026-08-18,clip,af_heart,en-us,0.7,80,300,10,,no,no,0,0,0,no,,,,,,,,,,67b7b5d64a7b62e2bf3c7c553fba089eb685e4d9af990d968ee6f9da9632a5e3
wishes,47,yes,perfect,"owner perfect wishes_5; family listen_sp0.75; recipe in the batch renderer, not in these columns",batch 21 round 15 / 2026-08-18,clip,af_heart,en-us,0.75,80,300,10,,no,no,0,0,0,no,,,,,,,,,,a3c87b9124686ad194f95c8bb83eee6a70e3e17dbffec7938fea3fd16ab2d884
wonderful,54,yes,perfect,"owner perfect wonderful_4; family listen_sp0.75; recipe in the batch renderer, not in these columns",batch 21 round 15 / 2026-08-18,clip,af_heart,en-us,0.75,80,300,10,,no,no,0,0,0,no,,,,,,,,,,fa0c32b3578754a033dceb0cab57cf1e762aba7225ac1b5feb72903052fee8f7
worker,81,yes,perfect,"owner perfect worker_4; family word_sp0.8; recipe in the batch renderer, not in these columns",batch 21 round 15 / 2026-08-18,clip,af_heart,en-us,0.8,80,300,10,,no,no,0,0,0,no,,,,,,,,,,b590d3628b6491ab8b152a6cd84bdd0a898b1a62480a379a657f392e5943f828
wow,77,yes,perfect,"owner perfect wow_4; family listen_sp0.7; recipe in the batch renderer, not in these columns",batch 21 round 15 / 2026-08-18,clip,af_heart,en-us,0.7,80,300,10,,no,no,0,0,0,no,,,,,,,,,,654a927a0dd68c457461d1bf0f00155bd3da3b0d3f22a70fc13c2323086feb34
wrestle,93,yes,perfect,"owner perfect wrestle_4; family listen_sp0.7; recipe in the batch renderer, not in these columns",batch 21 round 15 / 2026-08-18,clip,af_heart,en-us,0.7,80,300,10,,no,no,0,0,0,no,,,,,,,,,,baf50737b38c466ff4410120a3148c48a69790f78d4767310d109bebadea3660
yard,79,yes,perfect,"owner perfect yard_4; family listen_sp0.7; recipe in the batch renderer, not in these columns",batch 21 round 15 / 2026-08-18,clip,af_heart,en-us,0.7,80,300,10,,no,no,0,0,0,no,,,,,,,,,,6d27b449c2c55eb6b463d8edf0e8224501da5f2c7631b1e8ace2c9faa9387870
yawn,82,yes,perfect,"owner perfect yawn_5; family listen_sp0.75; recipe in the batch renderer, not in these columns",batch 21 round 15 / 2026-08-18,clip,af_heart,en-us,0.75,80,300,10,,no,no,0,0,0,no,,,,,,,,,,c3a0d5edd4c8b83f38e818212b90cb8a6fe53c7dfa70348f6fd144dd0ce5ea6f
year,84,yes,perfect,"owner perfect year_4; family listen_sp0.7; recipe in the batch renderer, not in these columns",batch 21 round 15 / 2026-08-18,clip,af_heart,en-us,0.7,80,300,10,,no,no,0,0,0,no,,,,,,,,,,15fab6eb37b76e81db3e615b28882153344f2f4d53fc898e5162f1836e489ae5
yell,40,yes,perfect,"owner perfect yell_2; family listen_sp0.75; recipe in the batch renderer, not in these columns",batch 19 / 2026-08-17,clip,af_heart,en-us,0.75,80,300,10,,no,no,0,0,0,no,,,,,,,,,,49706e534aa313e28f42c8709f884df95b130e0faac466bd8c4af51032c9bfd9
yelled,44,yes,perfect,"owner perfect yelled_1; family say_sp0.7; recipe in the batch renderer, not in these columns",batch 21 round 15 / 2026-08-18,clip,af_heart,en-us,0.7,80,300,10,,no,no,0,0,0,no,,,,,,,,,,e8cd61bb7504c1491027e8a8077658350314e222472a183a03fb3f3bad0f6703
yelling,37,yes,perfect,"owner perfect yelling_4; family listen_sp0.7; recipe in the batch renderer, not in these columns",batch 21 round 15 / 2026-08-18,clip,af_heart,en-us,0.7,80,300,10,,no,no,0,0,0,no,,,,,,,,,,ac17a348a4aa071a23e7b2494cc97306c1cd4cab03a2924e693e31c0ed52bc4e
yellow,65,yes,perfect,"owner perfect yellow_5; family listen_sp0.75; recipe in the batch renderer, not in these columns",R1 round 2 / 2026-08-19,clip,af_heart,en-us,0.75,80,300,10,,no,no,0,0,0,no,,,,,,,,,,bb19e7576f7f7cc83d0f32f500c279ea8fd8fc2377e550b1c9437e5374fa7d5b
yesterday,70,yes,perfect,"owner perfect yesterday_4; family listen_sp0.7; recipe in the batch renderer, not in these columns",batch 21 round 15 / 2026-08-18,clip,af_heart,en-us,0.7,80,300,10,,no,no,0,0,0,no,,,,,,,,,,eccea9632c1e0e8d09588b77d562927dd83d76462a6effae5df950418577be7a
young,77,yes,perfect,"owner perfect young_1; family listen_sp0.75; recipe in the batch renderer, not in these columns",batch 15 / 2026-08-16,clip,af_heart,en-us,0.75,80,300,10,,no,no,0,0,0,no,,,,,,,,,,86d7c29cbf8b1154d5eb9885eba122c003ec18f57191fd00a4399abf2c0c5993
zoom,74,yes,perfect,"owner perfect zoom_4; family listen_sp0.7; recipe in the batch renderer, not in these columns",batch 21 round 15 / 2026-08-18,clip,af_heart,en-us,0.7,80,300,10,,no,no,0,0,0,no,,,,,,,,,,8975fbf11b262934ff2dffc59200acde6452a6ebb137e01218547038a01e25e9
